--------------------------------------------------------
--  File created - Tuesday-April-28-2015   
--------------------------------------------------------
--------------------------------------------------------
--  DDL for Sequence CLUB_SEQ
--------------------------------------------------------

   CREATE SEQUENCE  "SRI"."CLUB_SEQ"  MINVALUE 1 MAXVALUE 9999999999999999999999999999 INCREMENT BY 1 START WITH 1 CACHE 20 NOORDER  NOCYCLE ;
--------------------------------------------------------
--  DDL for Sequence GOALS_SEQ
--------------------------------------------------------

   CREATE SEQUENCE  "SRI"."GOALS_SEQ"  MINVALUE 1 MAXVALUE 9999999999999999999999999999 INCREMENT BY 1 START WITH 21 CACHE 20 NOORDER  NOCYCLE ;
--------------------------------------------------------
--  DDL for Sequence IMAGE_LOCATION_SEQ
--------------------------------------------------------

   CREATE SEQUENCE  "SRI"."IMAGE_LOCATION_SEQ"  MINVALUE 1 MAXVALUE 9999999999999999999999999999 INCREMENT BY 1 START WITH 21 CACHE 20 NOORDER  NOCYCLE ;
--------------------------------------------------------
--  DDL for Sequence PERSON_SEQ
--------------------------------------------------------

   CREATE SEQUENCE  "SRI"."PERSON_SEQ"  MINVALUE 1 MAXVALUE 9999999999999999999999999999 INCREMENT BY 1 START WITH 1 CACHE 20 NOORDER  NOCYCLE ;
--------------------------------------------------------
--  DDL for Sequence PERSON_SEQ1
--------------------------------------------------------

   CREATE SEQUENCE  "SRI"."PERSON_SEQ1"  MINVALUE 1 MAXVALUE 9999999999999999999999999999 INCREMENT BY 1 START WITH 101 CACHE 20 NOORDER  NOCYCLE ;
--------------------------------------------------------
--  DDL for Table ATTACKING
--------------------------------------------------------

  CREATE TABLE "SRI"."ATTACKING" 
   (	"CLUB_ID" VARCHAR2(10 BYTE), 
	"SHOTS" NUMBER, 
	"CROSSES" NUMBER, 
	"OFFSIDES" NUMBER
   ) SEGMENT CREATION IMMEDIATE 
  PCTFREE 10 PCTUSED 40 INITRANS 1 MAXTRANS 255 NOCOMPRESS NOLOGGING
  STORAGE(INITIAL 65536 NEXT 1048576 MINEXTENTS 1 MAXEXTENTS 2147483645
  PCTINCREASE 0 FREELISTS 1 FREELIST GROUPS 1 BUFFER_POOL DEFAULT FLASH_CACHE DEFAULT CELL_FLASH_CACHE DEFAULT)
  TABLESPACE "EXAMPLE" ;
--------------------------------------------------------
--  DDL for Table CLUB
--------------------------------------------------------

  CREATE TABLE "SRI"."CLUB" 
   (	"CLUB_ID" VARCHAR2(10 BYTE), 
	"CLUB_DIRECTORY_ID" VARCHAR2(10 BYTE), 
	"POSITION" NUMBER, 
	"PLAYED" NUMBER, 
	"WON" NUMBER, 
	"DRAW" NUMBER, 
	"LOST" NUMBER, 
	"GOAL_DIFFERENCE" NUMBER, 
	"POINTS" NUMBER, 
	"CLUB_PERSON_ID" VARCHAR2(10 BYTE)
   ) SEGMENT CREATION IMMEDIATE 
  PCTFREE 10 PCTUSED 40 INITRANS 1 MAXTRANS 255 NOCOMPRESS NOLOGGING
  STORAGE(INITIAL 65536 NEXT 1048576 MINEXTENTS 1 MAXEXTENTS 2147483645
  PCTINCREASE 0 FREELISTS 1 FREELIST GROUPS 1 BUFFER_POOL DEFAULT FLASH_CACHE DEFAULT CELL_FLASH_CACHE DEFAULT)
  TABLESPACE "EXAMPLE" ;
--------------------------------------------------------
--  DDL for Table CLUB_DIRECTORY
--------------------------------------------------------

  CREATE TABLE "SRI"."CLUB_DIRECTORY" 
   (	"CLUB_DIRECTORY_ID" VARCHAR2(10 BYTE), 
	"LEAGUE_ID" VARCHAR2(10 BYTE), 
	"CLUB_NAME" VARCHAR2(150 BYTE), 
	"ESTABLISHED_YEAR" NUMBER, 
	"NICKNAME" VARCHAR2(75 BYTE), 
	"HOME_STADIUM" VARCHAR2(200 BYTE)
   ) SEGMENT CREATION IMMEDIATE 
  PCTFREE 10 PCTUSED 40 INITRANS 1 MAXTRANS 255 NOCOMPRESS NOLOGGING
  STORAGE(INITIAL 65536 NEXT 1048576 MINEXTENTS 1 MAXEXTENTS 2147483645
  PCTINCREASE 0 FREELISTS 1 FREELIST GROUPS 1 BUFFER_POOL DEFAULT FLASH_CACHE DEFAULT CELL_FLASH_CACHE DEFAULT)
  TABLESPACE "EXAMPLE" ;
--------------------------------------------------------
--  DDL for Table CLUB_PERSON
--------------------------------------------------------

  CREATE TABLE "SRI"."CLUB_PERSON" 
   (	"CLUB_PERSON_ID" VARCHAR2(10 BYTE), 
	"CHAIRMAN" NUMBER, 
	"SECRETARY" NUMBER, 
	"MANAGER" NUMBER, 
	"ASST_MANAGER" NUMBER, 
	"GK_COACH" NUMBER, 
	"CLUB_DOCTOR" NUMBER
   ) SEGMENT CREATION IMMEDIATE 
  PCTFREE 10 PCTUSED 40 INITRANS 1 MAXTRANS 255 NOCOMPRESS NOLOGGING
  STORAGE(INITIAL 65536 NEXT 1048576 MINEXTENTS 1 MAXEXTENTS 2147483645
  PCTINCREASE 0 FREELISTS 1 FREELIST GROUPS 1 BUFFER_POOL DEFAULT FLASH_CACHE DEFAULT CELL_FLASH_CACHE DEFAULT)
  TABLESPACE "EXAMPLE" ;
--------------------------------------------------------
--  DDL for Table DEFENDING
--------------------------------------------------------

  CREATE TABLE "SRI"."DEFENDING" 
   (	"CLUB_ID" VARCHAR2(10 BYTE), 
	"GOALS_CONCEDED" NUMBER, 
	"SAVES_MADE" NUMBER, 
	"OWN_GOALS" NUMBER, 
	"BLOCKS" NUMBER
   ) SEGMENT CREATION IMMEDIATE 
  PCTFREE 10 PCTUSED 40 INITRANS 1 MAXTRANS 255 NOCOMPRESS NOLOGGING
  STORAGE(INITIAL 65536 NEXT 1048576 MINEXTENTS 1 MAXEXTENTS 2147483645
  PCTINCREASE 0 FREELISTS 1 FREELIST GROUPS 1 BUFFER_POOL DEFAULT FLASH_CACHE DEFAULT CELL_FLASH_CACHE DEFAULT)
  TABLESPACE "EXAMPLE" ;
--------------------------------------------------------
--  DDL for Table DISCIPLINARY
--------------------------------------------------------

  CREATE TABLE "SRI"."DISCIPLINARY" 
   (	"CLUB_ID" VARCHAR2(10 BYTE), 
	"FOULS" NUMBER, 
	"YELLOW_CARDS" NUMBER, 
	"RED_CARDS" NUMBER
   ) SEGMENT CREATION IMMEDIATE 
  PCTFREE 10 PCTUSED 40 INITRANS 1 MAXTRANS 255 NOCOMPRESS NOLOGGING
  STORAGE(INITIAL 65536 NEXT 1048576 MINEXTENTS 1 MAXEXTENTS 2147483645
  PCTINCREASE 0 FREELISTS 1 FREELIST GROUPS 1 BUFFER_POOL DEFAULT FLASH_CACHE DEFAULT CELL_FLASH_CACHE DEFAULT)
  TABLESPACE "EXAMPLE" ;
--------------------------------------------------------
--  DDL for Table FIXTURES
--------------------------------------------------------

  CREATE TABLE "SRI"."FIXTURES" 
   (	"FIXTURE_ID" VARCHAR2(20 BYTE), 
	"MATCH_DATE" VARCHAR2(20 BYTE), 
	"HOME_TEAM" VARCHAR2(20 BYTE), 
	"AWAY_TEAM" VARCHAR2(20 BYTE), 
	"STADIUM" VARCHAR2(20 BYTE)
   ) SEGMENT CREATION IMMEDIATE 
  PCTFREE 10 PCTUSED 40 INITRANS 1 MAXTRANS 255 NOCOMPRESS NOLOGGING
  STORAGE(INITIAL 65536 NEXT 1048576 MINEXTENTS 1 MAXEXTENTS 2147483645
  PCTINCREASE 0 FREELISTS 1 FREELIST GROUPS 1 BUFFER_POOL DEFAULT FLASH_CACHE DEFAULT CELL_FLASH_CACHE DEFAULT)
  TABLESPACE "EXAMPLE" ;
--------------------------------------------------------
--  DDL for Table FOOTBALL_PLAYER
--------------------------------------------------------

  CREATE TABLE "SRI"."FOOTBALL_PLAYER" 
   (	"FOOTBALL_PLAYER_ID" VARCHAR2(20 BYTE), 
	"PERSON_ID" NUMBER, 
	"POSITION" VARCHAR2(20 BYTE), 
	"MATCHES_PLAYED" VARCHAR2(20 BYTE), 
	"GOALS_SCORED" VARCHAR2(20 BYTE), 
	"YELLOW_CARD_RECEIVED" VARCHAR2(20 BYTE), 
	"RED_CARD_RECEIVED" VARCHAR2(20 BYTE), 
	"WAGES_IN_MILLION" VARCHAR2(20 BYTE)
   ) SEGMENT CREATION IMMEDIATE 
  PCTFREE 10 PCTUSED 40 INITRANS 1 MAXTRANS 255 NOCOMPRESS NOLOGGING
  STORAGE(INITIAL 65536 NEXT 1048576 MINEXTENTS 1 MAXEXTENTS 2147483645
  PCTINCREASE 0 FREELISTS 1 FREELIST GROUPS 1 BUFFER_POOL DEFAULT FLASH_CACHE DEFAULT CELL_FLASH_CACHE DEFAULT)
  TABLESPACE "EXAMPLE" ;
--------------------------------------------------------
--  DDL for Table FRANCHISE
--------------------------------------------------------

  CREATE TABLE "SRI"."FRANCHISE" 
   (	"FRANCHISE_ID" VARCHAR2(10 BYTE), 
	"CLUB_ID" VARCHAR2(10 BYTE), 
	"NAME" VARCHAR2(75 BYTE), 
	"CONTRACT" VARCHAR2(20 BYTE), 
	"BUDGET" VARCHAR2(20 BYTE)
   ) SEGMENT CREATION IMMEDIATE 
  PCTFREE 10 PCTUSED 40 INITRANS 1 MAXTRANS 255 NOCOMPRESS NOLOGGING
  STORAGE(INITIAL 65536 NEXT 1048576 MINEXTENTS 1 MAXEXTENTS 2147483645
  PCTINCREASE 0 FREELISTS 1 FREELIST GROUPS 1 BUFFER_POOL DEFAULT FLASH_CACHE DEFAULT CELL_FLASH_CACHE DEFAULT)
  TABLESPACE "EXAMPLE" ;
--------------------------------------------------------
--  DDL for Table GOALS
--------------------------------------------------------

  CREATE TABLE "SRI"."GOALS" 
   (	"ROW_ID" NUMBER, 
	"CLUB_ID" VARCHAR2(10 BYTE), 
	"GOALS_SCORED" NUMBER, 
	"GOALS_CONCEDED" NUMBER, 
	"PENALITIES" NUMBER
   ) SEGMENT CREATION IMMEDIATE 
  PCTFREE 10 PCTUSED 40 INITRANS 1 MAXTRANS 255 NOCOMPRESS NOLOGGING
  STORAGE(INITIAL 65536 NEXT 1048576 MINEXTENTS 1 MAXEXTENTS 2147483645
  PCTINCREASE 0 FREELISTS 1 FREELIST GROUPS 1 BUFFER_POOL DEFAULT FLASH_CACHE DEFAULT CELL_FLASH_CACHE DEFAULT)
  TABLESPACE "EXAMPLE" ;
--------------------------------------------------------
--  DDL for Table IMAGE_LOCATION
--------------------------------------------------------

  CREATE TABLE "SRI"."IMAGE_LOCATION" 
   (	"IMAGE_ID" NUMBER, 
	"IMAGE_LOC" BLOB
   ) SEGMENT CREATION IMMEDIATE 
  PCTFREE 10 PCTUSED 40 INITRANS 1 MAXTRANS 255 NOCOMPRESS NOLOGGING
  STORAGE(INITIAL 65536 NEXT 1048576 MINEXTENTS 1 MAXEXTENTS 2147483645
  PCTINCREASE 0 FREELISTS 1 FREELIST GROUPS 1 BUFFER_POOL DEFAULT FLASH_CACHE DEFAULT CELL_FLASH_CACHE DEFAULT)
  TABLESPACE "EXAMPLE" 
 LOB ("IMAGE_LOC") STORE AS BASICFILE (
  TABLESPACE "EXAMPLE" ENABLE STORAGE IN ROW CHUNK 8192 RETENTION 
  NOCACHE NOLOGGING 
  STORAGE(INITIAL 65536 NEXT 1048576 MINEXTENTS 1 MAXEXTENTS 2147483645
  PCTINCREASE 0 FREELISTS 1 FREELIST GROUPS 1 BUFFER_POOL DEFAULT FLASH_CACHE DEFAULT CELL_FLASH_CACHE DEFAULT)) ;
--------------------------------------------------------
--  DDL for Table LEAGUE
--------------------------------------------------------

  CREATE TABLE "SRI"."LEAGUE" 
   (	"LEAGUE_ID" VARCHAR2(10 BYTE), 
	"LEAGUE_NAME" VARCHAR2(150 BYTE)
   ) SEGMENT CREATION IMMEDIATE 
  PCTFREE 10 PCTUSED 40 INITRANS 1 MAXTRANS 255 NOCOMPRESS NOLOGGING
  STORAGE(INITIAL 65536 NEXT 1048576 MINEXTENTS 1 MAXEXTENTS 2147483645
  PCTINCREASE 0 FREELISTS 1 FREELIST GROUPS 1 BUFFER_POOL DEFAULT FLASH_CACHE DEFAULT CELL_FLASH_CACHE DEFAULT)
  TABLESPACE "EXAMPLE" ;
--------------------------------------------------------
--  DDL for Table PERSON
--------------------------------------------------------

  CREATE TABLE "SRI"."PERSON" 
   (	"PERSON_ID" NUMBER, 
	"FIRST_NAME" VARCHAR2(25 BYTE), 
	"LAST_NAME" VARCHAR2(25 BYTE), 
	"DOB" DATE, 
	"AGE" NUMBER, 
	"HEIGHT" NUMBER(*,0), 
	"WEIGHT" NUMBER(*,0), 
	"NATIONALITY" VARCHAR2(75 BYTE), 
	"PERSON_CATEGORY_ID" VARCHAR2(20 BYTE)
   ) SEGMENT CREATION IMMEDIATE 
  PCTFREE 10 PCTUSED 40 INITRANS 1 MAXTRANS 255 NOCOMPRESS NOLOGGING
  STORAGE(INITIAL 65536 NEXT 1048576 MINEXTENTS 1 MAXEXTENTS 2147483645
  PCTINCREASE 0 FREELISTS 1 FREELIST GROUPS 1 BUFFER_POOL DEFAULT FLASH_CACHE DEFAULT CELL_FLASH_CACHE DEFAULT)
  TABLESPACE "EXAMPLE" ;
--------------------------------------------------------
--  DDL for Table PERSON_CATEGORY
--------------------------------------------------------

  CREATE TABLE "SRI"."PERSON_CATEGORY" 
   (	"PERSON_CATEGORY_ID" VARCHAR2(20 BYTE), 
	"PERSON_CATEGORY" VARCHAR2(50 BYTE)
   ) SEGMENT CREATION IMMEDIATE 
  PCTFREE 10 PCTUSED 40 INITRANS 1 MAXTRANS 255 NOCOMPRESS NOLOGGING
  STORAGE(INITIAL 65536 NEXT 1048576 MINEXTENTS 1 MAXEXTENTS 2147483645
  PCTINCREASE 0 FREELISTS 1 FREELIST GROUPS 1 BUFFER_POOL DEFAULT FLASH_CACHE DEFAULT CELL_FLASH_CACHE DEFAULT)
  TABLESPACE "EXAMPLE" ;
--------------------------------------------------------
--  DDL for Table PLAYER_CLUB_HISTORY
--------------------------------------------------------

  CREATE TABLE "SRI"."PLAYER_CLUB_HISTORY" 
   (	"CLUB_ID" VARCHAR2(20 BYTE), 
	"PERSON_ID" NUMBER, 
	"SHOTS" NUMBER, 
	"CROSSES" NUMBER, 
	"OFFSIDES" NUMBER, 
	"GOALS_SCORED" NUMBER, 
	"GOALS_SAVED" NUMBER, 
	"GOALS_CONCEDED" NUMBER
   ) SEGMENT CREATION IMMEDIATE 
  PCTFREE 10 PCTUSED 40 INITRANS 1 MAXTRANS 255 NOCOMPRESS NOLOGGING
  STORAGE(INITIAL 65536 NEXT 1048576 MINEXTENTS 1 MAXEXTENTS 2147483645
  PCTINCREASE 0 FREELISTS 1 FREELIST GROUPS 1 BUFFER_POOL DEFAULT FLASH_CACHE DEFAULT CELL_FLASH_CACHE DEFAULT)
  TABLESPACE "EXAMPLE" ;
--------------------------------------------------------
--  DDL for Table SQUAD
--------------------------------------------------------

  CREATE TABLE "SRI"."SQUAD" 
   (	"SQUAD_ID" VARCHAR2(10 BYTE), 
	"CLUB_ID" VARCHAR2(10 BYTE), 
	"FOOTBALL_PLAYER_ID" VARCHAR2(150 BYTE)
   ) SEGMENT CREATION IMMEDIATE 
  PCTFREE 10 PCTUSED 40 INITRANS 1 MAXTRANS 255 NOCOMPRESS NOLOGGING
  STORAGE(INITIAL 65536 NEXT 1048576 MINEXTENTS 1 MAXEXTENTS 2147483645
  PCTINCREASE 0 FREELISTS 1 FREELIST GROUPS 1 BUFFER_POOL DEFAULT FLASH_CACHE DEFAULT CELL_FLASH_CACHE DEFAULT)
  TABLESPACE "EXAMPLE" ;
--------------------------------------------------------
--  DDL for Table TRANSFER
--------------------------------------------------------

  CREATE TABLE "SRI"."TRANSFER" 
   (	"TRANSFER_CATEGORY_ID" VARCHAR2(10 BYTE), 
	"CURRENT_TEAM" VARCHAR2(100 BYTE), 
	"NEW_TEAM" VARCHAR2(100 BYTE), 
	"TRANSFER_FEE" VARCHAR2(20 BYTE), 
	"LOAN_FEE" VARCHAR2(20 BYTE), 
	"WAGE" VARCHAR2(20 BYTE), 
	"CONTRACT" VARCHAR2(20 BYTE), 
	"FOOTBALL_PLAYER_ID" VARCHAR2(20 BYTE)
   ) SEGMENT CREATION IMMEDIATE 
  PCTFREE 10 PCTUSED 40 INITRANS 1 MAXTRANS 255 NOCOMPRESS NOLOGGING
  STORAGE(INITIAL 65536 NEXT 1048576 MINEXTENTS 1 MAXEXTENTS 2147483645
  PCTINCREASE 0 FREELISTS 1 FREELIST GROUPS 1 BUFFER_POOL DEFAULT FLASH_CACHE DEFAULT CELL_FLASH_CACHE DEFAULT)
  TABLESPACE "EXAMPLE" ;
--------------------------------------------------------
--  DDL for Table TRANSFER_CATEGORY
--------------------------------------------------------

  CREATE TABLE "SRI"."TRANSFER_CATEGORY" 
   (	"TRANSFER_CATEGORY_ID" VARCHAR2(10 BYTE), 
	"TRANSFER_CATEGORY" VARCHAR2(20 BYTE)
   ) SEGMENT CREATION IMMEDIATE 
  PCTFREE 10 PCTUSED 40 INITRANS 1 MAXTRANS 255 NOCOMPRESS NOLOGGING
  STORAGE(INITIAL 65536 NEXT 1048576 MINEXTENTS 1 MAXEXTENTS 2147483645
  PCTINCREASE 0 FREELISTS 1 FREELIST GROUPS 1 BUFFER_POOL DEFAULT FLASH_CACHE DEFAULT CELL_FLASH_CACHE DEFAULT)
  TABLESPACE "EXAMPLE" ;
--------------------------------------------------------
--  DDL for Table USER_TABLE
--------------------------------------------------------

  CREATE TABLE "SRI"."USER_TABLE" 
   (	"PERSON_ID" NUMBER, 
	"FIXTURE_ID" VARCHAR2(20 BYTE), 
	"WINNER_PREDICTION" VARCHAR2(20 BYTE), 
	"HOME_GOALS" VARCHAR2(20 BYTE), 
	"AWAY_GOALS" VARCHAR2(20 BYTE)
   ) SEGMENT CREATION IMMEDIATE 
  PCTFREE 10 PCTUSED 40 INITRANS 1 MAXTRANS 255 NOCOMPRESS NOLOGGING
  STORAGE(INITIAL 65536 NEXT 1048576 MINEXTENTS 1 MAXEXTENTS 2147483645
  PCTINCREASE 0 FREELISTS 1 FREELIST GROUPS 1 BUFFER_POOL DEFAULT FLASH_CACHE DEFAULT CELL_FLASH_CACHE DEFAULT)
  TABLESPACE "EXAMPLE" ;
--------------------------------------------------------
--  DDL for Table VIEW_ALL_RESULTS
--------------------------------------------------------

  CREATE TABLE "SRI"."VIEW_ALL_RESULTS" 
   (	"RESULT_ID" VARCHAR2(10 BYTE), 
	"LEAGUE_ID" VARCHAR2(10 BYTE), 
	"FIXTURE" DATE, 
	"HOME_TEAM" VARCHAR2(75 BYTE), 
	"AWAY_TEAM" VARCHAR2(75 BYTE), 
	"RESULT" VARCHAR2(100 BYTE)
   ) SEGMENT CREATION IMMEDIATE 
  PCTFREE 10 PCTUSED 40 INITRANS 1 MAXTRANS 255 NOCOMPRESS NOLOGGING
  STORAGE(INITIAL 65536 NEXT 1048576 MINEXTENTS 1 MAXEXTENTS 2147483645
  PCTINCREASE 0 FREELISTS 1 FREELIST GROUPS 1 BUFFER_POOL DEFAULT FLASH_CACHE DEFAULT CELL_FLASH_CACHE DEFAULT)
  TABLESPACE "EXAMPLE" ;
--------------------------------------------------------
--  DDL for View PLAYER_INFO
--------------------------------------------------------

  CREATE OR REPLACE FORCE VIEW "SRI"."PLAYER_INFO" ("CLUB_NAME", "FIRST_NAME", "LAST_NAME", "POSITION", "MATCHES_PLAYED", "GOALS_SCORED", "YELLOW_CARD_RECEIVED", "RED_CARD_RECEIVED", "WAGES_IN_MILLION") AS 
  SELECT CLUB_DIRECTORY.CLUB_NAME,PERSON.FIRST_NAME,PERSON.LAST_NAME,FOOTBALL_PLAYER.POSITION,FOOTBALL_PLAYER.MATCHES_PLAYED,FOOTBALL_PLAYER.GOALS_SCORED,FOOTBALL_PLAYER.YELLOW_CARD_RECEIVED,FOOTBALL_PLAYER.RED_CARD_RECEIVED,FOOTBALL_PLAYER.WAGES_IN_MILLION FROM PERSON JOIN FOOTBALL_PLAYER ON 
PERSON.PERSON_ID = FOOTBALL_PLAYER.PERSON_ID JOIN SQUAD ON FOOTBALL_PLAYER.FOOTBALL_PLAYER_ID = SQUAD.FOOTBALL_PLAYER_ID JOIN CLUB ON SQUAD.CLUB_ID=CLUB.CLUB_ID JOIN
CLUB_DIRECTORY ON CLUB_DIRECTORY.CLUB_DIRECTORY_ID = CLUB.CLUB_DIRECTORY_ID;
--------------------------------------------------------
--  DDL for View TOP_GOALS_SCORED
--------------------------------------------------------

  CREATE OR REPLACE FORCE VIEW "SRI"."TOP_GOALS_SCORED" ("GOALS_SCORED", "FIRST_NAME", "LAST_NAME", "CLUB_NAME") AS 
  select  ch.GOALS_SCORED,PERSON.FIRST_NAME,PERSON.LAST_NAME,CLUB_DIRECTORY.CLUB_NAME from PLAYER_CLUB_HISTORY ch  JOIN PERSON ON ch.PERSON_ID = PERSON.PERSON_ID JOIN CLUB ON ch.CLUB_ID = CLUB.CLUB_ID  JOIN CLUB_DIRECTORY ON CLUB.CLUB_DIRECTORY_ID = CLUB_DIRECTORY.CLUB_DIRECTORY_ID where ch.GOALS_SCORED>=35 order by ch.GOALS_SCORED;
REM INSERTING into SRI.ATTACKING
SET DEFINE OFF;
Insert into SRI.ATTACKING (CLUB_ID,SHOTS,CROSSES,OFFSIDES) values ('CL1',500,650,70);
Insert into SRI.ATTACKING (CLUB_ID,SHOTS,CROSSES,OFFSIDES) values ('CL2',480,630,75);
Insert into SRI.ATTACKING (CLUB_ID,SHOTS,CROSSES,OFFSIDES) values ('CL3',450,610,72);
Insert into SRI.ATTACKING (CLUB_ID,SHOTS,CROSSES,OFFSIDES) values ('CL4',430,615,69);
Insert into SRI.ATTACKING (CLUB_ID,SHOTS,CROSSES,OFFSIDES) values ('CL5',510,660,71);
Insert into SRI.ATTACKING (CLUB_ID,SHOTS,CROSSES,OFFSIDES) values ('CL6',470,620,74);
Insert into SRI.ATTACKING (CLUB_ID,SHOTS,CROSSES,OFFSIDES) values ('CL7',440,612,68);
Insert into SRI.ATTACKING (CLUB_ID,SHOTS,CROSSES,OFFSIDES) values ('CL8',445,605,70);
REM INSERTING into SRI.CLUB
SET DEFINE OFF;
Insert into SRI.CLUB (CLUB_ID,CLUB_DIRECTORY_ID,POSITION,PLAYED,WON,DRAW,LOST,GOAL_DIFFERENCE,POINTS,CLUB_PERSON_ID) values ('CL1','EPL1',1,50,45,3,2,36,138,'CP1');
Insert into SRI.CLUB (CLUB_ID,CLUB_DIRECTORY_ID,POSITION,PLAYED,WON,DRAW,LOST,GOAL_DIFFERENCE,POINTS,CLUB_PERSON_ID) values ('CL2','EPL2',2,50,40,5,5,30,125,'CP2');
Insert into SRI.CLUB (CLUB_ID,CLUB_DIRECTORY_ID,POSITION,PLAYED,WON,DRAW,LOST,GOAL_DIFFERENCE,POINTS,CLUB_PERSON_ID) values ('CL3','EPL3',3,50,38,5,7,30,119,'CP3');
Insert into SRI.CLUB (CLUB_ID,CLUB_DIRECTORY_ID,POSITION,PLAYED,WON,DRAW,LOST,GOAL_DIFFERENCE,POINTS,CLUB_PERSON_ID) values ('CL4','EPL4',4,50,36,6,8,30,114,'CP4');
Insert into SRI.CLUB (CLUB_ID,CLUB_DIRECTORY_ID,POSITION,PLAYED,WON,DRAW,LOST,GOAL_DIFFERENCE,POINTS,CLUB_PERSON_ID) values ('CL5','LL1',1,50,45,3,2,36,138,'CP5');
Insert into SRI.CLUB (CLUB_ID,CLUB_DIRECTORY_ID,POSITION,PLAYED,WON,DRAW,LOST,GOAL_DIFFERENCE,POINTS,CLUB_PERSON_ID) values ('CL6','LL2',2,50,40,5,5,30,125,'CP6');
Insert into SRI.CLUB (CLUB_ID,CLUB_DIRECTORY_ID,POSITION,PLAYED,WON,DRAW,LOST,GOAL_DIFFERENCE,POINTS,CLUB_PERSON_ID) values ('CL7','LL3',3,50,38,5,7,30,119,'CP7');
Insert into SRI.CLUB (CLUB_ID,CLUB_DIRECTORY_ID,POSITION,PLAYED,WON,DRAW,LOST,GOAL_DIFFERENCE,POINTS,CLUB_PERSON_ID) values ('CL8','LL4',4,50,36,6,8,30,114,'CP8');
REM INSERTING into SRI.CLUB_DIRECTORY
SET DEFINE OFF;
Insert into SRI.CLUB_DIRECTORY (CLUB_DIRECTORY_ID,LEAGUE_ID,CLUB_NAME,ESTABLISHED_YEAR,NICKNAME,HOME_STADIUM) values ('EPL1','L1','Manchester United',1960,'The Red Devils','Old Trafford');
Insert into SRI.CLUB_DIRECTORY (CLUB_DIRECTORY_ID,LEAGUE_ID,CLUB_NAME,ESTABLISHED_YEAR,NICKNAME,HOME_STADIUM) values ('EPL2','L1','Chelsea',1958,'The Blues','Stamford Bridge');
Insert into SRI.CLUB_DIRECTORY (CLUB_DIRECTORY_ID,LEAGUE_ID,CLUB_NAME,ESTABLISHED_YEAR,NICKNAME,HOME_STADIUM) values ('EPL3','L1','Arsenal',1962,'Gooners','Emirates Stadium');
Insert into SRI.CLUB_DIRECTORY (CLUB_DIRECTORY_ID,LEAGUE_ID,CLUB_NAME,ESTABLISHED_YEAR,NICKNAME,HOME_STADIUM) values ('EPL4','L1','Manchester City',1970,'MANCITY','City of Manchester');
Insert into SRI.CLUB_DIRECTORY (CLUB_DIRECTORY_ID,LEAGUE_ID,CLUB_NAME,ESTABLISHED_YEAR,NICKNAME,HOME_STADIUM) values ('LL1','L2','Barcelona',1965,'Barca','Camp Nou');
Insert into SRI.CLUB_DIRECTORY (CLUB_DIRECTORY_ID,LEAGUE_ID,CLUB_NAME,ESTABLISHED_YEAR,NICKNAME,HOME_STADIUM) values ('LL2','L2','Real Madrid',1969,'RealMad','Santiago Bernabéu');
Insert into SRI.CLUB_DIRECTORY (CLUB_DIRECTORY_ID,LEAGUE_ID,CLUB_NAME,ESTABLISHED_YEAR,NICKNAME,HOME_STADIUM) values ('LL3','L2','Athletico Madrid',1972,'Athletico','Vicente Calderón');
Insert into SRI.CLUB_DIRECTORY (CLUB_DIRECTORY_ID,LEAGUE_ID,CLUB_NAME,ESTABLISHED_YEAR,NICKNAME,HOME_STADIUM) values ('LL4','L2','Velencia FC',1971,'Valen','Mestalla');
REM INSERTING into SRI.CLUB_PERSON
SET DEFINE OFF;
Insert into SRI.CLUB_PERSON (CLUB_PERSON_ID,CHAIRMAN,SECRETARY,MANAGER,ASST_MANAGER,GK_COACH,CLUB_DOCTOR) values ('CP1',49,57,1,65,73,81);
Insert into SRI.CLUB_PERSON (CLUB_PERSON_ID,CHAIRMAN,SECRETARY,MANAGER,ASST_MANAGER,GK_COACH,CLUB_DOCTOR) values ('CP2',50,58,2,66,74,82);
Insert into SRI.CLUB_PERSON (CLUB_PERSON_ID,CHAIRMAN,SECRETARY,MANAGER,ASST_MANAGER,GK_COACH,CLUB_DOCTOR) values ('CP3',51,59,3,67,75,83);
Insert into SRI.CLUB_PERSON (CLUB_PERSON_ID,CHAIRMAN,SECRETARY,MANAGER,ASST_MANAGER,GK_COACH,CLUB_DOCTOR) values ('CP4',52,60,4,68,76,84);
Insert into SRI.CLUB_PERSON (CLUB_PERSON_ID,CHAIRMAN,SECRETARY,MANAGER,ASST_MANAGER,GK_COACH,CLUB_DOCTOR) values ('CP5',53,61,5,69,77,85);
Insert into SRI.CLUB_PERSON (CLUB_PERSON_ID,CHAIRMAN,SECRETARY,MANAGER,ASST_MANAGER,GK_COACH,CLUB_DOCTOR) values ('CP6',54,62,6,70,78,86);
Insert into SRI.CLUB_PERSON (CLUB_PERSON_ID,CHAIRMAN,SECRETARY,MANAGER,ASST_MANAGER,GK_COACH,CLUB_DOCTOR) values ('CP7',55,63,7,71,79,87);
Insert into SRI.CLUB_PERSON (CLUB_PERSON_ID,CHAIRMAN,SECRETARY,MANAGER,ASST_MANAGER,GK_COACH,CLUB_DOCTOR) values ('CP8',56,64,8,72,80,88);
REM INSERTING into SRI.DEFENDING
SET DEFINE OFF;
Insert into SRI.DEFENDING (CLUB_ID,GOALS_CONCEDED,SAVES_MADE,OWN_GOALS,BLOCKS) values ('CL1',30,110,2,130);
Insert into SRI.DEFENDING (CLUB_ID,GOALS_CONCEDED,SAVES_MADE,OWN_GOALS,BLOCKS) values ('CL2',45,105,5,110);
Insert into SRI.DEFENDING (CLUB_ID,GOALS_CONCEDED,SAVES_MADE,OWN_GOALS,BLOCKS) values ('CL3',42,102,7,115);
Insert into SRI.DEFENDING (CLUB_ID,GOALS_CONCEDED,SAVES_MADE,OWN_GOALS,BLOCKS) values ('CL4',50,100,10,105);
Insert into SRI.DEFENDING (CLUB_ID,GOALS_CONCEDED,SAVES_MADE,OWN_GOALS,BLOCKS) values ('CL5',32,110,4,132);
Insert into SRI.DEFENDING (CLUB_ID,GOALS_CONCEDED,SAVES_MADE,OWN_GOALS,BLOCKS) values ('CL6',47,105,6,112);
Insert into SRI.DEFENDING (CLUB_ID,GOALS_CONCEDED,SAVES_MADE,OWN_GOALS,BLOCKS) values ('CL7',43,102,8,110);
Insert into SRI.DEFENDING (CLUB_ID,GOALS_CONCEDED,SAVES_MADE,OWN_GOALS,BLOCKS) values ('CL8',52,100,12,108);
REM INSERTING into SRI.DISCIPLINARY
SET DEFINE OFF;
Insert into SRI.DISCIPLINARY (CLUB_ID,FOULS,YELLOW_CARDS,RED_CARDS) values ('CL1',300,80,20);
Insert into SRI.DISCIPLINARY (CLUB_ID,FOULS,YELLOW_CARDS,RED_CARDS) values ('CL2',330,90,25);
Insert into SRI.DISCIPLINARY (CLUB_ID,FOULS,YELLOW_CARDS,RED_CARDS) values ('CL3',340,88,23);
Insert into SRI.DISCIPLINARY (CLUB_ID,FOULS,YELLOW_CARDS,RED_CARDS) values ('CL4',335,75,22);
Insert into SRI.DISCIPLINARY (CLUB_ID,FOULS,YELLOW_CARDS,RED_CARDS) values ('CL5',310,82,22);
Insert into SRI.DISCIPLINARY (CLUB_ID,FOULS,YELLOW_CARDS,RED_CARDS) values ('CL6',332,93,26);
Insert into SRI.DISCIPLINARY (CLUB_ID,FOULS,YELLOW_CARDS,RED_CARDS) values ('CL7',341,86,25);
Insert into SRI.DISCIPLINARY (CLUB_ID,FOULS,YELLOW_CARDS,RED_CARDS) values ('CL8',337,79,23);
REM INSERTING into SRI.FIXTURES
SET DEFINE OFF;
Insert into SRI.FIXTURES (FIXTURE_ID,MATCH_DATE,HOME_TEAM,AWAY_TEAM,STADIUM) values ('FIX1','05/26/2015','Manchester United','Chelsea','Old Trafford');
Insert into SRI.FIXTURES (FIXTURE_ID,MATCH_DATE,HOME_TEAM,AWAY_TEAM,STADIUM) values ('FIX2','06/10/2015','Manchester United','Manchester City','Old Trafford');
Insert into SRI.FIXTURES (FIXTURE_ID,MATCH_DATE,HOME_TEAM,AWAY_TEAM,STADIUM) values ('FIX3','06/23/2015','Manchester United','Arsenal','Old Trafford');
Insert into SRI.FIXTURES (FIXTURE_ID,MATCH_DATE,HOME_TEAM,AWAY_TEAM,STADIUM) values ('FIX4','05/28/2015','Chelsea','Manchester City','Stamford Bridge');
Insert into SRI.FIXTURES (FIXTURE_ID,MATCH_DATE,HOME_TEAM,AWAY_TEAM,STADIUM) values ('FIX5','06/12/2015','Chelsea','Arsenal','Stamford Bridge');
Insert into SRI.FIXTURES (FIXTURE_ID,MATCH_DATE,HOME_TEAM,AWAY_TEAM,STADIUM) values ('FIX6','06/25/2015','Chelsea','Manchester United','Stamford Bridge');
Insert into SRI.FIXTURES (FIXTURE_ID,MATCH_DATE,HOME_TEAM,AWAY_TEAM,STADIUM) values ('FIX7','05/30/2015','Manchester City','Arsenal','City of Manchester');
Insert into SRI.FIXTURES (FIXTURE_ID,MATCH_DATE,HOME_TEAM,AWAY_TEAM,STADIUM) values ('FIX8','06/15/2015','Manchester City','Manchester United','City of Manchester');
Insert into SRI.FIXTURES (FIXTURE_ID,MATCH_DATE,HOME_TEAM,AWAY_TEAM,STADIUM) values ('FIX9','06/28/2015','Manchester City','Chelsea','City of Manchester');
Insert into SRI.FIXTURES (FIXTURE_ID,MATCH_DATE,HOME_TEAM,AWAY_TEAM,STADIUM) values ('FIX10','06/02/2015','Arsenal','Manchester United','Emirates Stadium');
Insert into SRI.FIXTURES (FIXTURE_ID,MATCH_DATE,HOME_TEAM,AWAY_TEAM,STADIUM) values ('FIX11','06/18/2015','Arsenal','Chelsea','Emirates Stadium');
Insert into SRI.FIXTURES (FIXTURE_ID,MATCH_DATE,HOME_TEAM,AWAY_TEAM,STADIUM) values ('FIX12','06/30/2015','Arsenal','Manchester City','Emirates Stadium');
Insert into SRI.FIXTURES (FIXTURE_ID,MATCH_DATE,HOME_TEAM,AWAY_TEAM,STADIUM) values ('FIX13','05/26/2015','Barcelona','Real Madrid','Camp Nou');
Insert into SRI.FIXTURES (FIXTURE_ID,MATCH_DATE,HOME_TEAM,AWAY_TEAM,STADIUM) values ('FIX14','06/10/2015','Barcelona','Athletico Madrid','Camp Nou');
Insert into SRI.FIXTURES (FIXTURE_ID,MATCH_DATE,HOME_TEAM,AWAY_TEAM,STADIUM) values ('FIX15','06/23/2015','Barcelona','Velencia FC','Camp Nou');
Insert into SRI.FIXTURES (FIXTURE_ID,MATCH_DATE,HOME_TEAM,AWAY_TEAM,STADIUM) values ('FIX16','05/28/2015','Real Madrid','Athletico Madrid','Santiago Bernabéu');
Insert into SRI.FIXTURES (FIXTURE_ID,MATCH_DATE,HOME_TEAM,AWAY_TEAM,STADIUM) values ('FIX17','06/12/2015','Real Madrid','Velencia FC','Santiago Bernabéu');
Insert into SRI.FIXTURES (FIXTURE_ID,MATCH_DATE,HOME_TEAM,AWAY_TEAM,STADIUM) values ('FIX18','06/25/2015','Real Madrid','Barcelona','Santiago Bernabéu');
Insert into SRI.FIXTURES (FIXTURE_ID,MATCH_DATE,HOME_TEAM,AWAY_TEAM,STADIUM) values ('FIX19','05/30/2015','Athletico Madrid','Velencia FC','Vicente Calderón');
Insert into SRI.FIXTURES (FIXTURE_ID,MATCH_DATE,HOME_TEAM,AWAY_TEAM,STADIUM) values ('FIX20','06/15/2015','Athletico Madrid','Barcelona','Vicente Calderón');
Insert into SRI.FIXTURES (FIXTURE_ID,MATCH_DATE,HOME_TEAM,AWAY_TEAM,STADIUM) values ('FIX21','06/28/2015','Athletico Madrid','Real Madrid','Vicente Calderón');
Insert into SRI.FIXTURES (FIXTURE_ID,MATCH_DATE,HOME_TEAM,AWAY_TEAM,STADIUM) values ('FIX22','06/02/2015','Velencia FC','Barcelona','Mestalla');
Insert into SRI.FIXTURES (FIXTURE_ID,MATCH_DATE,HOME_TEAM,AWAY_TEAM,STADIUM) values ('FIX23','06/18/2015','Velencia FC','Real Madrid','Mestalla');
Insert into SRI.FIXTURES (FIXTURE_ID,MATCH_DATE,HOME_TEAM,AWAY_TEAM,STADIUM) values ('FIX24','06/30/2015','Velencia FC','Athletico Madrid','Mestalla');
REM INSERTING into SRI.FOOTBALL_PLAYER
SET DEFINE OFF;
Insert into SRI.FOOTBALL_PLAYER (FOOTBALL_PLAYER_ID,PERSON_ID,POSITION,MATCHES_PLAYED,GOALS_SCORED,YELLOW_CARD_RECEIVED,RED_CARD_RECEIVED,WAGES_IN_MILLION) values ('FP1',9,'Forward','250','120','30','3','13');
Insert into SRI.FOOTBALL_PLAYER (FOOTBALL_PLAYER_ID,PERSON_ID,POSITION,MATCHES_PLAYED,GOALS_SCORED,YELLOW_CARD_RECEIVED,RED_CARD_RECEIVED,WAGES_IN_MILLION) values ('FP2',10,'Forward','180','80','40','5','7.8');
Insert into SRI.FOOTBALL_PLAYER (FOOTBALL_PLAYER_ID,PERSON_ID,POSITION,MATCHES_PLAYED,GOALS_SCORED,YELLOW_CARD_RECEIVED,RED_CARD_RECEIVED,WAGES_IN_MILLION) values ('FP3',11,'Mid Field','150','64','35','2','5');
Insert into SRI.FOOTBALL_PLAYER (FOOTBALL_PLAYER_ID,PERSON_ID,POSITION,MATCHES_PLAYED,GOALS_SCORED,YELLOW_CARD_RECEIVED,RED_CARD_RECEIVED,WAGES_IN_MILLION) values ('FP4',12,'Defence','140','25','40','6','2.5');
Insert into SRI.FOOTBALL_PLAYER (FOOTBALL_PLAYER_ID,PERSON_ID,POSITION,MATCHES_PLAYED,GOALS_SCORED,YELLOW_CARD_RECEIVED,RED_CARD_RECEIVED,WAGES_IN_MILLION) values ('FP5',13,'Goal Keeper','200','0','2','0','2');
Insert into SRI.FOOTBALL_PLAYER (FOOTBALL_PLAYER_ID,PERSON_ID,POSITION,MATCHES_PLAYED,GOALS_SCORED,YELLOW_CARD_RECEIVED,RED_CARD_RECEIVED,WAGES_IN_MILLION) values ('FP6',14,'Defence','300','100','40','10','12');
Insert into SRI.FOOTBALL_PLAYER (FOOTBALL_PLAYER_ID,PERSON_ID,POSITION,MATCHES_PLAYED,GOALS_SCORED,YELLOW_CARD_RECEIVED,RED_CARD_RECEIVED,WAGES_IN_MILLION) values ('FP7',15,'Forward','180','80','40','5','8');
Insert into SRI.FOOTBALL_PLAYER (FOOTBALL_PLAYER_ID,PERSON_ID,POSITION,MATCHES_PLAYED,GOALS_SCORED,YELLOW_CARD_RECEIVED,RED_CARD_RECEIVED,WAGES_IN_MILLION) values ('FP8',16,'Mid Field','150','64','35','2','5.5');
Insert into SRI.FOOTBALL_PLAYER (FOOTBALL_PLAYER_ID,PERSON_ID,POSITION,MATCHES_PLAYED,GOALS_SCORED,YELLOW_CARD_RECEIVED,RED_CARD_RECEIVED,WAGES_IN_MILLION) values ('FP9',17,'Goal Keeper','250','0','5','1','3');
Insert into SRI.FOOTBALL_PLAYER (FOOTBALL_PLAYER_ID,PERSON_ID,POSITION,MATCHES_PLAYED,GOALS_SCORED,YELLOW_CARD_RECEIVED,RED_CARD_RECEIVED,WAGES_IN_MILLION) values ('FP10',18,'Forward','200','150','30','12','7');
Insert into SRI.FOOTBALL_PLAYER (FOOTBALL_PLAYER_ID,PERSON_ID,POSITION,MATCHES_PLAYED,GOALS_SCORED,YELLOW_CARD_RECEIVED,RED_CARD_RECEIVED,WAGES_IN_MILLION) values ('FP11',19,'Forward','250','120','30','3','13');
Insert into SRI.FOOTBALL_PLAYER (FOOTBALL_PLAYER_ID,PERSON_ID,POSITION,MATCHES_PLAYED,GOALS_SCORED,YELLOW_CARD_RECEIVED,RED_CARD_RECEIVED,WAGES_IN_MILLION) values ('FP12',20,'Mid Field','175','80','25','3','10');
Insert into SRI.FOOTBALL_PLAYER (FOOTBALL_PLAYER_ID,PERSON_ID,POSITION,MATCHES_PLAYED,GOALS_SCORED,YELLOW_CARD_RECEIVED,RED_CARD_RECEIVED,WAGES_IN_MILLION) values ('FP13',21,'Forward','100','50','24','5','5');
Insert into SRI.FOOTBALL_PLAYER (FOOTBALL_PLAYER_ID,PERSON_ID,POSITION,MATCHES_PLAYED,GOALS_SCORED,YELLOW_CARD_RECEIVED,RED_CARD_RECEIVED,WAGES_IN_MILLION) values ('FP14',22,'Defence','145','23','40','10','3');
Insert into SRI.FOOTBALL_PLAYER (FOOTBALL_PLAYER_ID,PERSON_ID,POSITION,MATCHES_PLAYED,GOALS_SCORED,YELLOW_CARD_RECEIVED,RED_CARD_RECEIVED,WAGES_IN_MILLION) values ('FP15',23,'Goal Keeper','120','0','5','1','2.2');
Insert into SRI.FOOTBALL_PLAYER (FOOTBALL_PLAYER_ID,PERSON_ID,POSITION,MATCHES_PLAYED,GOALS_SCORED,YELLOW_CARD_RECEIVED,RED_CARD_RECEIVED,WAGES_IN_MILLION) values ('FP16',24,'Forward','250','120','30','3','12.5');
Insert into SRI.FOOTBALL_PLAYER (FOOTBALL_PLAYER_ID,PERSON_ID,POSITION,MATCHES_PLAYED,GOALS_SCORED,YELLOW_CARD_RECEIVED,RED_CARD_RECEIVED,WAGES_IN_MILLION) values ('FP17',25,'Forward','170','80','40','5','7.2');
Insert into SRI.FOOTBALL_PLAYER (FOOTBALL_PLAYER_ID,PERSON_ID,POSITION,MATCHES_PLAYED,GOALS_SCORED,YELLOW_CARD_RECEIVED,RED_CARD_RECEIVED,WAGES_IN_MILLION) values ('FP18',26,'Mid Field','160','64','35','2','5.2');
Insert into SRI.FOOTBALL_PLAYER (FOOTBALL_PLAYER_ID,PERSON_ID,POSITION,MATCHES_PLAYED,GOALS_SCORED,YELLOW_CARD_RECEIVED,RED_CARD_RECEIVED,WAGES_IN_MILLION) values ('FP19',27,'Defence','150','25','40','6','2.3');
Insert into SRI.FOOTBALL_PLAYER (FOOTBALL_PLAYER_ID,PERSON_ID,POSITION,MATCHES_PLAYED,GOALS_SCORED,YELLOW_CARD_RECEIVED,RED_CARD_RECEIVED,WAGES_IN_MILLION) values ('FP20',28,'Goal Keeper','210','0','2','0','4 ');
Insert into SRI.FOOTBALL_PLAYER (FOOTBALL_PLAYER_ID,PERSON_ID,POSITION,MATCHES_PLAYED,GOALS_SCORED,YELLOW_CARD_RECEIVED,RED_CARD_RECEIVED,WAGES_IN_MILLION) values ('FP21',29,'Forward','250','150','30','3','15');
Insert into SRI.FOOTBALL_PLAYER (FOOTBALL_PLAYER_ID,PERSON_ID,POSITION,MATCHES_PLAYED,GOALS_SCORED,YELLOW_CARD_RECEIVED,RED_CARD_RECEIVED,WAGES_IN_MILLION) values ('FP22',30,'Forward','170','110','40','5','20');
Insert into SRI.FOOTBALL_PLAYER (FOOTBALL_PLAYER_ID,PERSON_ID,POSITION,MATCHES_PLAYED,GOALS_SCORED,YELLOW_CARD_RECEIVED,RED_CARD_RECEIVED,WAGES_IN_MILLION) values ('FP23',31,'Mid Field','160','90','35','2','12');
Insert into SRI.FOOTBALL_PLAYER (FOOTBALL_PLAYER_ID,PERSON_ID,POSITION,MATCHES_PLAYED,GOALS_SCORED,YELLOW_CARD_RECEIVED,RED_CARD_RECEIVED,WAGES_IN_MILLION) values ('FP24',32,'Defence','150','25','45','6','6');
Insert into SRI.FOOTBALL_PLAYER (FOOTBALL_PLAYER_ID,PERSON_ID,POSITION,MATCHES_PLAYED,GOALS_SCORED,YELLOW_CARD_RECEIVED,RED_CARD_RECEIVED,WAGES_IN_MILLION) values ('FP25',33,'Goal Keeper','210','0','2','0','3');
Insert into SRI.FOOTBALL_PLAYER (FOOTBALL_PLAYER_ID,PERSON_ID,POSITION,MATCHES_PLAYED,GOALS_SCORED,YELLOW_CARD_RECEIVED,RED_CARD_RECEIVED,WAGES_IN_MILLION) values ('FP26',34,'Forward','250','170','30','3','20');
Insert into SRI.FOOTBALL_PLAYER (FOOTBALL_PLAYER_ID,PERSON_ID,POSITION,MATCHES_PLAYED,GOALS_SCORED,YELLOW_CARD_RECEIVED,RED_CARD_RECEIVED,WAGES_IN_MILLION) values ('FP27',35,'Forward','170','120','40','5','18');
Insert into SRI.FOOTBALL_PLAYER (FOOTBALL_PLAYER_ID,PERSON_ID,POSITION,MATCHES_PLAYED,GOALS_SCORED,YELLOW_CARD_RECEIVED,RED_CARD_RECEIVED,WAGES_IN_MILLION) values ('FP28',36,'Mid Field','160','90','35','2','25');
Insert into SRI.FOOTBALL_PLAYER (FOOTBALL_PLAYER_ID,PERSON_ID,POSITION,MATCHES_PLAYED,GOALS_SCORED,YELLOW_CARD_RECEIVED,RED_CARD_RECEIVED,WAGES_IN_MILLION) values ('FP29',37,'Defence','150','25','45','6','15');
Insert into SRI.FOOTBALL_PLAYER (FOOTBALL_PLAYER_ID,PERSON_ID,POSITION,MATCHES_PLAYED,GOALS_SCORED,YELLOW_CARD_RECEIVED,RED_CARD_RECEIVED,WAGES_IN_MILLION) values ('FP30',38,'Goal Keeper','210','0','2','0','10');
Insert into SRI.FOOTBALL_PLAYER (FOOTBALL_PLAYER_ID,PERSON_ID,POSITION,MATCHES_PLAYED,GOALS_SCORED,YELLOW_CARD_RECEIVED,RED_CARD_RECEIVED,WAGES_IN_MILLION) values ('FP31',39,'Forward','250','100','30','3','10');
Insert into SRI.FOOTBALL_PLAYER (FOOTBALL_PLAYER_ID,PERSON_ID,POSITION,MATCHES_PLAYED,GOALS_SCORED,YELLOW_CARD_RECEIVED,RED_CARD_RECEIVED,WAGES_IN_MILLION) values ('FP32',40,'Forward','170','80','40','5','8');
Insert into SRI.FOOTBALL_PLAYER (FOOTBALL_PLAYER_ID,PERSON_ID,POSITION,MATCHES_PLAYED,GOALS_SCORED,YELLOW_CARD_RECEIVED,RED_CARD_RECEIVED,WAGES_IN_MILLION) values ('FP33',41,'Mid Field','160','60','35','2','5');
Insert into SRI.FOOTBALL_PLAYER (FOOTBALL_PLAYER_ID,PERSON_ID,POSITION,MATCHES_PLAYED,GOALS_SCORED,YELLOW_CARD_RECEIVED,RED_CARD_RECEIVED,WAGES_IN_MILLION) values ('FP34',42,'Defence','150','25','30','6','2.4');
Insert into SRI.FOOTBALL_PLAYER (FOOTBALL_PLAYER_ID,PERSON_ID,POSITION,MATCHES_PLAYED,GOALS_SCORED,YELLOW_CARD_RECEIVED,RED_CARD_RECEIVED,WAGES_IN_MILLION) values ('FP35',43,'Goal Keeper','210','0','2','0','3');
Insert into SRI.FOOTBALL_PLAYER (FOOTBALL_PLAYER_ID,PERSON_ID,POSITION,MATCHES_PLAYED,GOALS_SCORED,YELLOW_CARD_RECEIVED,RED_CARD_RECEIVED,WAGES_IN_MILLION) values ('FP36',44,'Forward','250','80','30','3','10');
Insert into SRI.FOOTBALL_PLAYER (FOOTBALL_PLAYER_ID,PERSON_ID,POSITION,MATCHES_PLAYED,GOALS_SCORED,YELLOW_CARD_RECEIVED,RED_CARD_RECEIVED,WAGES_IN_MILLION) values ('FP37',45,'Forward','170','60','40','5','7');
Insert into SRI.FOOTBALL_PLAYER (FOOTBALL_PLAYER_ID,PERSON_ID,POSITION,MATCHES_PLAYED,GOALS_SCORED,YELLOW_CARD_RECEIVED,RED_CARD_RECEIVED,WAGES_IN_MILLION) values ('FP38',46,'Mid Field','160','50','35','2','4');
Insert into SRI.FOOTBALL_PLAYER (FOOTBALL_PLAYER_ID,PERSON_ID,POSITION,MATCHES_PLAYED,GOALS_SCORED,YELLOW_CARD_RECEIVED,RED_CARD_RECEIVED,WAGES_IN_MILLION) values ('FP39',47,'Defence','150','25','20','6','2');
Insert into SRI.FOOTBALL_PLAYER (FOOTBALL_PLAYER_ID,PERSON_ID,POSITION,MATCHES_PLAYED,GOALS_SCORED,YELLOW_CARD_RECEIVED,RED_CARD_RECEIVED,WAGES_IN_MILLION) values ('FP40',48,'Goal Keeper','210','0','2','0','3');
REM INSERTING into SRI.FRANCHISE
SET DEFINE OFF;
Insert into SRI.FRANCHISE (FRANCHISE_ID,CLUB_ID,NAME,CONTRACT,BUDGET) values ('FR1','CL1','Aon','5 Years','50 Million');
Insert into SRI.FRANCHISE (FRANCHISE_ID,CLUB_ID,NAME,CONTRACT,BUDGET) values ('FR2','CL2','Samsung','10 Years','60 Million');
Insert into SRI.FRANCHISE (FRANCHISE_ID,CLUB_ID,NAME,CONTRACT,BUDGET) values ('FR3','CL3','Fly Emirates','8 Years','45 Million');
Insert into SRI.FRANCHISE (FRANCHISE_ID,CLUB_ID,NAME,CONTRACT,BUDGET) values ('FR4','CL4','Ethihad Airways','4 Years','40 Million');
Insert into SRI.FRANCHISE (FRANCHISE_ID,CLUB_ID,NAME,CONTRACT,BUDGET) values ('FR5','CL5','Unicef','10 Years','80 Million');
Insert into SRI.FRANCHISE (FRANCHISE_ID,CLUB_ID,NAME,CONTRACT,BUDGET) values ('FR6','CL6','Fly Emirates','7 Years','65 Million');
Insert into SRI.FRANCHISE (FRANCHISE_ID,CLUB_ID,NAME,CONTRACT,BUDGET) values ('FR7','CL7','Azer Baijen','5 Years','55 Million');
Insert into SRI.FRANCHISE (FRANCHISE_ID,CLUB_ID,NAME,CONTRACT,BUDGET) values ('FR8','CL8','Caxia Bank','4 Years','40 Million');
REM INSERTING into SRI.GOALS
SET DEFINE OFF;
Insert into SRI.GOALS (ROW_ID,CLUB_ID,GOALS_SCORED,GOALS_CONCEDED,PENALITIES) values (1,'CL1',250,80,50);
Insert into SRI.GOALS (ROW_ID,CLUB_ID,GOALS_SCORED,GOALS_CONCEDED,PENALITIES) values (2,'CL2',200,90,55);
Insert into SRI.GOALS (ROW_ID,CLUB_ID,GOALS_SCORED,GOALS_CONCEDED,PENALITIES) values (3,'CL3',180,95,60);
Insert into SRI.GOALS (ROW_ID,CLUB_ID,GOALS_SCORED,GOALS_CONCEDED,PENALITIES) values (4,'CL4',160,100,65);
Insert into SRI.GOALS (ROW_ID,CLUB_ID,GOALS_SCORED,GOALS_CONCEDED,PENALITIES) values (5,'CL5',280,70,40);
Insert into SRI.GOALS (ROW_ID,CLUB_ID,GOALS_SCORED,GOALS_CONCEDED,PENALITIES) values (6,'CL6',270,80,50);
Insert into SRI.GOALS (ROW_ID,CLUB_ID,GOALS_SCORED,GOALS_CONCEDED,PENALITIES) values (7,'CL7',200,110,60);
Insert into SRI.GOALS (ROW_ID,CLUB_ID,GOALS_SCORED,GOALS_CONCEDED,PENALITIES) values (8,'CL8',170,120,65);
REM INSERTING into SRI.IMAGE_LOCATION
SET DEFINE OFF;
Insert into SRI.IMAGE_LOCATION (IMAGE_ID) values (1);
Insert into SRI.IMAGE_LOCATION (IMAGE_ID) values (2);
Insert into SRI.IMAGE_LOCATION (IMAGE_ID) values (3);
Insert into SRI.IMAGE_LOCATION (IMAGE_ID) values (4);
Insert into SRI.IMAGE_LOCATION (IMAGE_ID) values (5);
Insert into SRI.IMAGE_LOCATION (IMAGE_ID) values (6);
Insert into SRI.IMAGE_LOCATION (IMAGE_ID) values (7);
Insert into SRI.IMAGE_LOCATION (IMAGE_ID) values (8);
Insert into SRI.IMAGE_LOCATION (IMAGE_ID) values (9);
Insert into SRI.IMAGE_LOCATION (IMAGE_ID) values (10);
Insert into SRI.IMAGE_LOCATION (IMAGE_ID) values (11);
Insert into SRI.IMAGE_LOCATION (IMAGE_ID) values (12);
Insert into SRI.IMAGE_LOCATION (IMAGE_ID) values (13);
Insert into SRI.IMAGE_LOCATION (IMAGE_ID) values (14);
Insert into SRI.IMAGE_LOCATION (IMAGE_ID) values (15);
Insert into SRI.IMAGE_LOCATION (IMAGE_ID) values (16);
REM INSERTING into SRI.LEAGUE
SET DEFINE OFF;
Insert into SRI.LEAGUE (LEAGUE_ID,LEAGUE_NAME) values ('L1','English Premier League');
Insert into SRI.LEAGUE (LEAGUE_ID,LEAGUE_NAME) values ('L2','Spanish Premier League');
REM INSERTING into SRI.PERSON
SET DEFINE OFF;
Insert into SRI.PERSON (PERSON_ID,FIRST_NAME,LAST_NAME,DOB,AGE,HEIGHT,WEIGHT,NATIONALITY,PERSON_CATEGORY_ID) values (1,'Louis','Van Gaal',to_date('02/04/1960','MM/DD/YYYY'),54,180,160,'Netherland','PC1');
Insert into SRI.PERSON (PERSON_ID,FIRST_NAME,LAST_NAME,DOB,AGE,HEIGHT,WEIGHT,NATIONALITY,PERSON_CATEGORY_ID) values (2,'Jose','Mourinho',to_date('02/26/1963','MM/DD/YYYY'),52,170,150,'Portugal','PC1');
Insert into SRI.PERSON (PERSON_ID,FIRST_NAME,LAST_NAME,DOB,AGE,HEIGHT,WEIGHT,NATIONALITY,PERSON_CATEGORY_ID) values (3,'Arsene','Wenger',to_date('02/04/1959','MM/DD/YYYY'),55,182,162,'France','PC1');
Insert into SRI.PERSON (PERSON_ID,FIRST_NAME,LAST_NAME,DOB,AGE,HEIGHT,WEIGHT,NATIONALITY,PERSON_CATEGORY_ID) values (4,'Manel','Pellegrini',to_date('02/04/1961','MM/DD/YYYY'),53,170,164,'Chile','PC1');
Insert into SRI.PERSON (PERSON_ID,FIRST_NAME,LAST_NAME,DOB,AGE,HEIGHT,WEIGHT,NATIONALITY,PERSON_CATEGORY_ID) values (5,'Luis','Enrique',to_date('03/04/1965','MM/DD/YYYY'),50,183,163,'Spain','PC1');
Insert into SRI.PERSON (PERSON_ID,FIRST_NAME,LAST_NAME,DOB,AGE,HEIGHT,WEIGHT,NATIONALITY,PERSON_CATEGORY_ID) values (6,'Carlos','Ancelloti',to_date('04/04/1958','MM/DD/YYYY'),56,183,155,'Italy','PC1');
Insert into SRI.PERSON (PERSON_ID,FIRST_NAME,LAST_NAME,DOB,AGE,HEIGHT,WEIGHT,NATIONALITY,PERSON_CATEGORY_ID) values (7,'Diego','Simeone',to_date('04/28/1970','MM/DD/YYYY'),44,175,160,'Argentina','PC1');
Insert into SRI.PERSON (PERSON_ID,FIRST_NAME,LAST_NAME,DOB,AGE,HEIGHT,WEIGHT,NATIONALITY,PERSON_CATEGORY_ID) values (8,'Nuni','Santo',to_date('03/20/1968','MM/DD/YYYY'),45,175,165,'Portugal','PC1');
Insert into SRI.PERSON (PERSON_ID,FIRST_NAME,LAST_NAME,DOB,AGE,HEIGHT,WEIGHT,NATIONALITY,PERSON_CATEGORY_ID) values (9,'Wayne','Rooney',to_date('05/20/1985','MM/DD/YYYY'),28,160,145,'England','PC2');
Insert into SRI.PERSON (PERSON_ID,FIRST_NAME,LAST_NAME,DOB,AGE,HEIGHT,WEIGHT,NATIONALITY,PERSON_CATEGORY_ID) values (10,'Juan','Matta',to_date('05/20/1986','MM/DD/YYYY'),27,162,148,'Spain','PC2');
Insert into SRI.PERSON (PERSON_ID,FIRST_NAME,LAST_NAME,DOB,AGE,HEIGHT,WEIGHT,NATIONALITY,PERSON_CATEGORY_ID) values (11,'Angel','Di Maria',to_date('05/20/1987','MM/DD/YYYY'),27,164,148,'Argentina','PC2');
Insert into SRI.PERSON (PERSON_ID,FIRST_NAME,LAST_NAME,DOB,AGE,HEIGHT,WEIGHT,NATIONALITY,PERSON_CATEGORY_ID) values (12,'Daley','Blind',to_date('05/20/1988','MM/DD/YYYY'),26,162,146,'Netherland','PC2');
Insert into SRI.PERSON (PERSON_ID,FIRST_NAME,LAST_NAME,DOB,AGE,HEIGHT,WEIGHT,NATIONALITY,PERSON_CATEGORY_ID) values (13,'David','deGea',to_date('05/20/1989','MM/DD/YYYY'),25,160,145,'Spain','PC2');
Insert into SRI.PERSON (PERSON_ID,FIRST_NAME,LAST_NAME,DOB,AGE,HEIGHT,WEIGHT,NATIONALITY,PERSON_CATEGORY_ID) values (14,'John','Terry',to_date('05/20/1980','MM/DD/YYYY'),34,160,145,'England','PC2');
Insert into SRI.PERSON (PERSON_ID,FIRST_NAME,LAST_NAME,DOB,AGE,HEIGHT,WEIGHT,NATIONALITY,PERSON_CATEGORY_ID) values (15,'Eden','Hazard',to_date('05/20/1988','MM/DD/YYYY'),26,162,148,'Belgium','PC2');
Insert into SRI.PERSON (PERSON_ID,FIRST_NAME,LAST_NAME,DOB,AGE,HEIGHT,WEIGHT,NATIONALITY,PERSON_CATEGORY_ID) values (16,'Oscar','Santos',to_date('05/21/1989','MM/DD/YYYY'),25,160,1400,'Brazil','PC2');
Insert into SRI.PERSON (PERSON_ID,FIRST_NAME,LAST_NAME,DOB,AGE,HEIGHT,WEIGHT,NATIONALITY,PERSON_CATEGORY_ID) values (17,'Peter','Czech',to_date('05/20/1986','MM/DD/YYYY'),29,163,150,'Bulgaria','PC2');
Insert into SRI.PERSON (PERSON_ID,FIRST_NAME,LAST_NAME,DOB,AGE,HEIGHT,WEIGHT,NATIONALITY,PERSON_CATEGORY_ID) values (18,'Diego','Costa',to_date('08/30/1989','MM/DD/YYYY'),25,170,155,'Spain','PC2');
Insert into SRI.PERSON (PERSON_ID,FIRST_NAME,LAST_NAME,DOB,AGE,HEIGHT,WEIGHT,NATIONALITY,PERSON_CATEGORY_ID) values (19,'Oliver','Girroud',to_date('09/25/1989','MM/DD/YYYY'),26,165,142,'France','PC2');
Insert into SRI.PERSON (PERSON_ID,FIRST_NAME,LAST_NAME,DOB,AGE,HEIGHT,WEIGHT,NATIONALITY,PERSON_CATEGORY_ID) values (20,'Mezut','Ozil',to_date('12/15/1987','MM/DD/YYYY'),27,155,144,'Germany','PC2');
Insert into SRI.PERSON (PERSON_ID,FIRST_NAME,LAST_NAME,DOB,AGE,HEIGHT,WEIGHT,NATIONALITY,PERSON_CATEGORY_ID) values (21,'Dany','Welback',to_date('01/21/1994','MM/DD/YYYY'),21,165,150,'England','PC2');
Insert into SRI.PERSON (PERSON_ID,FIRST_NAME,LAST_NAME,DOB,AGE,HEIGHT,WEIGHT,NATIONALITY,PERSON_CATEGORY_ID) values (22,'Per','Mertasacker',to_date('05/20/1988','MM/DD/YYYY'),27,169,155,'Germany','PC2');
Insert into SRI.PERSON (PERSON_ID,FIRST_NAME,LAST_NAME,DOB,AGE,HEIGHT,WEIGHT,NATIONALITY,PERSON_CATEGORY_ID) values (23,'David','Ospina',to_date('10/30/1988','MM/DD/YYYY'),26,175,155,'Columbia','PC2');
Insert into SRI.PERSON (PERSON_ID,FIRST_NAME,LAST_NAME,DOB,AGE,HEIGHT,WEIGHT,NATIONALITY,PERSON_CATEGORY_ID) values (24,'Sergio','Aguero',to_date('09/10/1989','MM/DD/YYYY'),25,160,140,'Argentina','PC2');
Insert into SRI.PERSON (PERSON_ID,FIRST_NAME,LAST_NAME,DOB,AGE,HEIGHT,WEIGHT,NATIONALITY,PERSON_CATEGORY_ID) values (25,'Edin','Dzeko',to_date('12/15/1988','MM/DD/YYYY'),26,150,140,'Bosnia','PC2');
Insert into SRI.PERSON (PERSON_ID,FIRST_NAME,LAST_NAME,DOB,AGE,HEIGHT,WEIGHT,NATIONALITY,PERSON_CATEGORY_ID) values (26,'David','Silva',to_date('01/21/1992','MM/DD/YYYY'),23,160,155,'Spain','PC2');
Insert into SRI.PERSON (PERSON_ID,FIRST_NAME,LAST_NAME,DOB,AGE,HEIGHT,WEIGHT,NATIONALITY,PERSON_CATEGORY_ID) values (27,'Vincent','Kompany',to_date('05/20/1985','MM/DD/YYYY'),32,174,165,'Belgium','PC2');
Insert into SRI.PERSON (PERSON_ID,FIRST_NAME,LAST_NAME,DOB,AGE,HEIGHT,WEIGHT,NATIONALITY,PERSON_CATEGORY_ID) values (28,'Joe','Hart',to_date('10/30/1985','MM/DD/YYYY'),29,179,150,'England','PC2');
Insert into SRI.PERSON (PERSON_ID,FIRST_NAME,LAST_NAME,DOB,AGE,HEIGHT,WEIGHT,NATIONALITY,PERSON_CATEGORY_ID) values (29,'Lionel','Messi',to_date('09/10/1989','MM/DD/YYYY'),25,163,143,'Argentina','PC2');
Insert into SRI.PERSON (PERSON_ID,FIRST_NAME,LAST_NAME,DOB,AGE,HEIGHT,WEIGHT,NATIONALITY,PERSON_CATEGORY_ID) values (30,'Luiz','Saurez',to_date('12/20/1988','MM/DD/YYYY'),26,155,144,'Uruguay','PC2');
Insert into SRI.PERSON (PERSON_ID,FIRST_NAME,LAST_NAME,DOB,AGE,HEIGHT,WEIGHT,NATIONALITY,PERSON_CATEGORY_ID) values (31,'Andres','Iniesta',to_date('01/21/1987','MM/DD/YYYY'),27,166,158,'Spain','PC2');
Insert into SRI.PERSON (PERSON_ID,FIRST_NAME,LAST_NAME,DOB,AGE,HEIGHT,WEIGHT,NATIONALITY,PERSON_CATEGORY_ID) values (32,'Gerrard','Pique',to_date('05/22/1986','MM/DD/YYYY'),28,174,165,'Spain','PC2');
Insert into SRI.PERSON (PERSON_ID,FIRST_NAME,LAST_NAME,DOB,AGE,HEIGHT,WEIGHT,NATIONALITY,PERSON_CATEGORY_ID) values (33,'Claudio','Bravo',to_date('01/30/1985','MM/DD/YYYY'),30,179,150,'Chile','PC2');
Insert into SRI.PERSON (PERSON_ID,FIRST_NAME,LAST_NAME,DOB,AGE,HEIGHT,WEIGHT,NATIONALITY,PERSON_CATEGORY_ID) values (34,'Christiano','Ronaldo',to_date('09/10/1983','MM/DD/YYYY'),30,165,142,'Portugal','PC2');
Insert into SRI.PERSON (PERSON_ID,FIRST_NAME,LAST_NAME,DOB,AGE,HEIGHT,WEIGHT,NATIONALITY,PERSON_CATEGORY_ID) values (35,'Karim','Benzema',to_date('12/20/1986','MM/DD/YYYY'),28,152,142,'France','PC2');
Insert into SRI.PERSON (PERSON_ID,FIRST_NAME,LAST_NAME,DOB,AGE,HEIGHT,WEIGHT,NATIONALITY,PERSON_CATEGORY_ID) values (36,'Gareth','Bale',to_date('02/21/1987','MM/DD/YYYY'),27,165,158,'Wales','PC2');
Insert into SRI.PERSON (PERSON_ID,FIRST_NAME,LAST_NAME,DOB,AGE,HEIGHT,WEIGHT,NATIONALITY,PERSON_CATEGORY_ID) values (37,'Sergio','Ramos',to_date('06/22/1986','MM/DD/YYYY'),28,175,165,'Spain','PC2');
Insert into SRI.PERSON (PERSON_ID,FIRST_NAME,LAST_NAME,DOB,AGE,HEIGHT,WEIGHT,NATIONALITY,PERSON_CATEGORY_ID) values (38,'Isker','Casillas',to_date('03/30/1985','MM/DD/YYYY'),30,179,150,'Spain','PC2');
Insert into SRI.PERSON (PERSON_ID,FIRST_NAME,LAST_NAME,DOB,AGE,HEIGHT,WEIGHT,NATIONALITY,PERSON_CATEGORY_ID) values (39,'Fernando','Torres',to_date('09/10/1987','MM/DD/YYYY'),28,165,142,'Spain','PC2');
Insert into SRI.PERSON (PERSON_ID,FIRST_NAME,LAST_NAME,DOB,AGE,HEIGHT,WEIGHT,NATIONALITY,PERSON_CATEGORY_ID) values (40,'Mario','Mandzukic',to_date('01/20/1986','MM/DD/YYYY'),27,154,147,'Croatia','PC2');
Insert into SRI.PERSON (PERSON_ID,FIRST_NAME,LAST_NAME,DOB,AGE,HEIGHT,WEIGHT,NATIONALITY,PERSON_CATEGORY_ID) values (41,'Raul','Garcia',to_date('02/22/1987','MM/DD/YYYY'),27,165,158,'Spain','PC2');
Insert into SRI.PERSON (PERSON_ID,FIRST_NAME,LAST_NAME,DOB,AGE,HEIGHT,WEIGHT,NATIONALITY,PERSON_CATEGORY_ID) values (42,'Joe','Miranda',to_date('06/22/1986','MM/DD/YYYY'),28,175,165,'Brazil','PC2');
Insert into SRI.PERSON (PERSON_ID,FIRST_NAME,LAST_NAME,DOB,AGE,HEIGHT,WEIGHT,NATIONALITY,PERSON_CATEGORY_ID) values (43,'Jan','Oblak',to_date('03/25/1985','MM/DD/YYYY'),30,179,150,'Spain','PC2');
Insert into SRI.PERSON (PERSON_ID,FIRST_NAME,LAST_NAME,DOB,AGE,HEIGHT,WEIGHT,NATIONALITY,PERSON_CATEGORY_ID) values (44,'Alvaro','Negroda',to_date('09/10/1987','MM/DD/YYYY'),28,168,145,'Spain','PC2');
Insert into SRI.PERSON (PERSON_ID,FIRST_NAME,LAST_NAME,DOB,AGE,HEIGHT,WEIGHT,NATIONALITY,PERSON_CATEGORY_ID) values (45,'Pablo','Piatti',to_date('01/22/1986','MM/DD/YYYY'),26,159,142,'Croatia','PC2');
Insert into SRI.PERSON (PERSON_ID,FIRST_NAME,LAST_NAME,DOB,AGE,HEIGHT,WEIGHT,NATIONALITY,PERSON_CATEGORY_ID) values (46,'Enzo','Perez',to_date('03/22/1987','MM/DD/YYYY'),27,169,150,'Argentina','PC2');
Insert into SRI.PERSON (PERSON_ID,FIRST_NAME,LAST_NAME,DOB,AGE,HEIGHT,WEIGHT,NATIONALITY,PERSON_CATEGORY_ID) values (47,'Jose','Luis',to_date('01/22/1986','MM/DD/YYYY'),28,175,165,'Brazil','PC2');
Insert into SRI.PERSON (PERSON_ID,FIRST_NAME,LAST_NAME,DOB,AGE,HEIGHT,WEIGHT,NATIONALITY,PERSON_CATEGORY_ID) values (48,'Diego','Alves',to_date('06/25/1985','MM/DD/YYYY'),30,172,152,'Brazil','PC2');
Insert into SRI.PERSON (PERSON_ID,FIRST_NAME,LAST_NAME,DOB,AGE,HEIGHT,WEIGHT,NATIONALITY,PERSON_CATEGORY_ID) values (49,'Mark','Luiz',to_date('06/25/1964','MM/DD/YYYY'),50,172,153,'England','PC3');
Insert into SRI.PERSON (PERSON_ID,FIRST_NAME,LAST_NAME,DOB,AGE,HEIGHT,WEIGHT,NATIONALITY,PERSON_CATEGORY_ID) values (50,'Jack','Fernandez',to_date('05/25/1963','MM/DD/YYYY'),49,162,152,'India','PC3');
Insert into SRI.PERSON (PERSON_ID,FIRST_NAME,LAST_NAME,DOB,AGE,HEIGHT,WEIGHT,NATIONALITY,PERSON_CATEGORY_ID) values (51,'Merlin','Mandro',to_date('02/28/1962','MM/DD/YYYY'),48,150,160,'Spain','PC3');
Insert into SRI.PERSON (PERSON_ID,FIRST_NAME,LAST_NAME,DOB,AGE,HEIGHT,WEIGHT,NATIONALITY,PERSON_CATEGORY_ID) values (52,'Roger','Mores',to_date('06/25/1961','MM/DD/YYYY'),47,179,152,'England','PC3');
Insert into SRI.PERSON (PERSON_ID,FIRST_NAME,LAST_NAME,DOB,AGE,HEIGHT,WEIGHT,NATIONALITY,PERSON_CATEGORY_ID) values (53,'Michael','Vaughan',to_date('03/25/1959','MM/DD/YYYY'),50,177,151,'Spain','PC3');
Insert into SRI.PERSON (PERSON_ID,FIRST_NAME,LAST_NAME,DOB,AGE,HEIGHT,WEIGHT,NATIONALITY,PERSON_CATEGORY_ID) values (54,'Andrew','Flintoff',to_date('02/25/1964','MM/DD/YYYY'),50,171,159,'Brazil','PC3');
Insert into SRI.PERSON (PERSON_ID,FIRST_NAME,LAST_NAME,DOB,AGE,HEIGHT,WEIGHT,NATIONALITY,PERSON_CATEGORY_ID) values (55,'Andy','Bicheal',to_date('09/25/1962','MM/DD/YYYY'),50,170,158,'Portugal','PC3');
Insert into SRI.PERSON (PERSON_ID,FIRST_NAME,LAST_NAME,DOB,AGE,HEIGHT,WEIGHT,NATIONALITY,PERSON_CATEGORY_ID) values (56,'John','Trott',to_date('06/25/1961','MM/DD/YYYY'),50,175,154,'Spain','PC3');
Insert into SRI.PERSON (PERSON_ID,FIRST_NAME,LAST_NAME,DOB,AGE,HEIGHT,WEIGHT,NATIONALITY,PERSON_CATEGORY_ID) values (57,'Glen','Maxxwell',to_date('02/22/1964','MM/DD/YYYY'),50,172,153,'England','PC4');
Insert into SRI.PERSON (PERSON_ID,FIRST_NAME,LAST_NAME,DOB,AGE,HEIGHT,WEIGHT,NATIONALITY,PERSON_CATEGORY_ID) values (58,'Geroge','Baily',to_date('07/19/1963','MM/DD/YYYY'),49,162,152,'Australia','PC4');
Insert into SRI.PERSON (PERSON_ID,FIRST_NAME,LAST_NAME,DOB,AGE,HEIGHT,WEIGHT,NATIONALITY,PERSON_CATEGORY_ID) values (59,'Michael','Clarke',to_date('03/28/1962','MM/DD/YYYY'),48,150,160,'Spain','PC4');
Insert into SRI.PERSON (PERSON_ID,FIRST_NAME,LAST_NAME,DOB,AGE,HEIGHT,WEIGHT,NATIONALITY,PERSON_CATEGORY_ID) values (60,'Mitch','Johnson',to_date('04/19/1961','MM/DD/YYYY'),47,179,152,'England','PC4');
Insert into SRI.PERSON (PERSON_ID,FIRST_NAME,LAST_NAME,DOB,AGE,HEIGHT,WEIGHT,NATIONALITY,PERSON_CATEGORY_ID) values (61,'Michael','Johnson',to_date('03/05/1959','MM/DD/YYYY'),50,177,151,'Spain','PC4');
Insert into SRI.PERSON (PERSON_ID,FIRST_NAME,LAST_NAME,DOB,AGE,HEIGHT,WEIGHT,NATIONALITY,PERSON_CATEGORY_ID) values (62,'Steve','Smith',to_date('02/19/1964','MM/DD/YYYY'),50,171,159,'Brazil','PC4');
Insert into SRI.PERSON (PERSON_ID,FIRST_NAME,LAST_NAME,DOB,AGE,HEIGHT,WEIGHT,NATIONALITY,PERSON_CATEGORY_ID) values (63,'David','Warner',to_date('09/02/1962','MM/DD/YYYY'),50,170,158,'Portugal','PC4');
Insert into SRI.PERSON (PERSON_ID,FIRST_NAME,LAST_NAME,DOB,AGE,HEIGHT,WEIGHT,NATIONALITY,PERSON_CATEGORY_ID) values (64,'Aoron','Finch',to_date('06/19/1961','MM/DD/YYYY'),50,175,154,'Spain','PC4');
Insert into SRI.PERSON (PERSON_ID,FIRST_NAME,LAST_NAME,DOB,AGE,HEIGHT,WEIGHT,NATIONALITY,PERSON_CATEGORY_ID) values (65,'Chris','Gayle',to_date('02/12/1964','MM/DD/YYYY'),50,172,153,'England','PC5');
Insert into SRI.PERSON (PERSON_ID,FIRST_NAME,LAST_NAME,DOB,AGE,HEIGHT,WEIGHT,NATIONALITY,PERSON_CATEGORY_ID) values (66,'Darren','Sammy',to_date('07/23/1963','MM/DD/YYYY'),49,162,152,'Australia','PC5');
Insert into SRI.PERSON (PERSON_ID,FIRST_NAME,LAST_NAME,DOB,AGE,HEIGHT,WEIGHT,NATIONALITY,PERSON_CATEGORY_ID) values (67,'Marlon','Samuels',to_date('03/01/1962','MM/DD/YYYY'),48,150,160,'Spain','PC5');
Insert into SRI.PERSON (PERSON_ID,FIRST_NAME,LAST_NAME,DOB,AGE,HEIGHT,WEIGHT,NATIONALITY,PERSON_CATEGORY_ID) values (68,'Fiedel','Edwards',to_date('04/02/1961','MM/DD/YYYY'),47,179,152,'England','PC5');
Insert into SRI.PERSON (PERSON_ID,FIRST_NAME,LAST_NAME,DOB,AGE,HEIGHT,WEIGHT,NATIONALITY,PERSON_CATEGORY_ID) values (69,'Sunil','Naraine',to_date('03/24/1959','MM/DD/YYYY'),50,177,151,'Spain','PC5');
Insert into SRI.PERSON (PERSON_ID,FIRST_NAME,LAST_NAME,DOB,AGE,HEIGHT,WEIGHT,NATIONALITY,PERSON_CATEGORY_ID) values (70,'Darren','Bravo',to_date('02/14/1964','MM/DD/YYYY'),50,171,159,'Brazil','PC5');
Insert into SRI.PERSON (PERSON_ID,FIRST_NAME,LAST_NAME,DOB,AGE,HEIGHT,WEIGHT,NATIONALITY,PERSON_CATEGORY_ID) values (71,'Dwayne','Smith',to_date('09/09/1962','MM/DD/YYYY'),50,170,158,'Portugal','PC5');
Insert into SRI.PERSON (PERSON_ID,FIRST_NAME,LAST_NAME,DOB,AGE,HEIGHT,WEIGHT,NATIONALITY,PERSON_CATEGORY_ID) values (72,'Sulaiman','Benn',to_date('06/11/1961','MM/DD/YYYY'),50,175,154,'Spain','PC5');
Insert into SRI.PERSON (PERSON_ID,FIRST_NAME,LAST_NAME,DOB,AGE,HEIGHT,WEIGHT,NATIONALITY,PERSON_CATEGORY_ID) values (73,'Hashim','Amla',to_date('02/29/1964','MM/DD/YYYY'),50,172,153,'England','PC6');
Insert into SRI.PERSON (PERSON_ID,FIRST_NAME,LAST_NAME,DOB,AGE,HEIGHT,WEIGHT,NATIONALITY,PERSON_CATEGORY_ID) values (74,'Faf','Dupliess',to_date('07/10/1963','MM/DD/YYYY'),49,162,152,'Australia','PC6');
Insert into SRI.PERSON (PERSON_ID,FIRST_NAME,LAST_NAME,DOB,AGE,HEIGHT,WEIGHT,NATIONALITY,PERSON_CATEGORY_ID) values (75,'Ab','Develiers',to_date('03/05/1962','MM/DD/YYYY'),48,150,160,'Spain','PC6');
Insert into SRI.PERSON (PERSON_ID,FIRST_NAME,LAST_NAME,DOB,AGE,HEIGHT,WEIGHT,NATIONALITY,PERSON_CATEGORY_ID) values (76,'Dayle','Steyn',to_date('04/12/1961','MM/DD/YYYY'),47,179,152,'England','PC6');
Insert into SRI.PERSON (PERSON_ID,FIRST_NAME,LAST_NAME,DOB,AGE,HEIGHT,WEIGHT,NATIONALITY,PERSON_CATEGORY_ID) values (77,'David','Miller',to_date('03/24/1959','MM/DD/YYYY'),50,177,151,'Spain','PC6');
Insert into SRI.PERSON (PERSON_ID,FIRST_NAME,LAST_NAME,DOB,AGE,HEIGHT,WEIGHT,NATIONALITY,PERSON_CATEGORY_ID) values (78,'Imran','Tahir',to_date('02/24/1964','MM/DD/YYYY'),50,171,159,'Brazil','PC6');
Insert into SRI.PERSON (PERSON_ID,FIRST_NAME,LAST_NAME,DOB,AGE,HEIGHT,WEIGHT,NATIONALITY,PERSON_CATEGORY_ID) values (79,'Chris','Morris',to_date('09/19/1962','MM/DD/YYYY'),50,170,158,'Portugal','PC6');
Insert into SRI.PERSON (PERSON_ID,FIRST_NAME,LAST_NAME,DOB,AGE,HEIGHT,WEIGHT,NATIONALITY,PERSON_CATEGORY_ID) values (80,'Marlon','Philander',to_date('06/21/1961','MM/DD/YYYY'),50,175,154,'Spain','PC6');
Insert into SRI.PERSON (PERSON_ID,FIRST_NAME,LAST_NAME,DOB,AGE,HEIGHT,WEIGHT,NATIONALITY,PERSON_CATEGORY_ID) values (81,'Alistar','Cook',to_date('02/19/1964','MM/DD/YYYY'),50,172,153,'England','PC7');
Insert into SRI.PERSON (PERSON_ID,FIRST_NAME,LAST_NAME,DOB,AGE,HEIGHT,WEIGHT,NATIONALITY,PERSON_CATEGORY_ID) values (82,'Joe','Root',to_date('07/12/1963','MM/DD/YYYY'),49,162,152,'Australia','PC7');
Insert into SRI.PERSON (PERSON_ID,FIRST_NAME,LAST_NAME,DOB,AGE,HEIGHT,WEIGHT,NATIONALITY,PERSON_CATEGORY_ID) values (83,'Jos','Butler',to_date('03/25/1962','MM/DD/YYYY'),48,150,160,'Spain','PC7');
Insert into SRI.PERSON (PERSON_ID,FIRST_NAME,LAST_NAME,DOB,AGE,HEIGHT,WEIGHT,NATIONALITY,PERSON_CATEGORY_ID) values (84,'James','Anderson',to_date('04/17/1961','MM/DD/YYYY'),47,179,152,'England','PC7');
Insert into SRI.PERSON (PERSON_ID,FIRST_NAME,LAST_NAME,DOB,AGE,HEIGHT,WEIGHT,NATIONALITY,PERSON_CATEGORY_ID) values (85,'James','Taylor',to_date('03/14/1959','MM/DD/YYYY'),50,177,151,'Spain','PC7');
Insert into SRI.PERSON (PERSON_ID,FIRST_NAME,LAST_NAME,DOB,AGE,HEIGHT,WEIGHT,NATIONALITY,PERSON_CATEGORY_ID) values (86,'Ravi','Bopara',to_date('02/22/1964','MM/DD/YYYY'),50,171,159,'Brazil','PC7');
Insert into SRI.PERSON (PERSON_ID,FIRST_NAME,LAST_NAME,DOB,AGE,HEIGHT,WEIGHT,NATIONALITY,PERSON_CATEGORY_ID) values (87,'Stuart','Broad',to_date('09/09/1962','MM/DD/YYYY'),50,170,158,'Portugal','PC7');
Insert into SRI.PERSON (PERSON_ID,FIRST_NAME,LAST_NAME,DOB,AGE,HEIGHT,WEIGHT,NATIONALITY,PERSON_CATEGORY_ID) values (88,'Kevin','Peterson',to_date('06/11/1961','MM/DD/YYYY'),50,175,154,'Spain','PC7');
Insert into SRI.PERSON (PERSON_ID,FIRST_NAME,LAST_NAME,DOB,AGE,HEIGHT,WEIGHT,NATIONALITY,PERSON_CATEGORY_ID) values (89,'Andrew','Symods',to_date('02/19/1994','MM/DD/YYYY'),20,172,153,'England','PC8');
Insert into SRI.PERSON (PERSON_ID,FIRST_NAME,LAST_NAME,DOB,AGE,HEIGHT,WEIGHT,NATIONALITY,PERSON_CATEGORY_ID) values (90,'Adam','Gilly',to_date('07/12/1993','MM/DD/YYYY'),21,162,152,'Australia','PC8');
Insert into SRI.PERSON (PERSON_ID,FIRST_NAME,LAST_NAME,DOB,AGE,HEIGHT,WEIGHT,NATIONALITY,PERSON_CATEGORY_ID) values (91,'Mathew','Hayden',to_date('03/25/1992','MM/DD/YYYY'),22,150,160,'Spain','PC8');
Insert into SRI.PERSON (PERSON_ID,FIRST_NAME,LAST_NAME,DOB,AGE,HEIGHT,WEIGHT,NATIONALITY,PERSON_CATEGORY_ID) values (92,'Gary','Kirsten',to_date('04/17/1991','MM/DD/YYYY'),23,179,152,'England','PC8');
Insert into SRI.PERSON (PERSON_ID,FIRST_NAME,LAST_NAME,DOB,AGE,HEIGHT,WEIGHT,NATIONALITY,PERSON_CATEGORY_ID) values (93,'Mark','Richrdson',to_date('03/14/1999','MM/DD/YYYY'),16,177,151,'Spain','PC8');
REM INSERTING into SRI.PERSON_CATEGORY
SET DEFINE OFF;
Insert into SRI.PERSON_CATEGORY (PERSON_CATEGORY_ID,PERSON_CATEGORY) values ('PC1','Manager');
Insert into SRI.PERSON_CATEGORY (PERSON_CATEGORY_ID,PERSON_CATEGORY) values ('PC2','Player');
Insert into SRI.PERSON_CATEGORY (PERSON_CATEGORY_ID,PERSON_CATEGORY) values ('PC3','Club Chairman');
Insert into SRI.PERSON_CATEGORY (PERSON_CATEGORY_ID,PERSON_CATEGORY) values ('PC4','Club Secretary');
Insert into SRI.PERSON_CATEGORY (PERSON_CATEGORY_ID,PERSON_CATEGORY) values ('PC5','Assistant Manager');
Insert into SRI.PERSON_CATEGORY (PERSON_CATEGORY_ID,PERSON_CATEGORY) values ('PC6','Goalkeeper Coach');
Insert into SRI.PERSON_CATEGORY (PERSON_CATEGORY_ID,PERSON_CATEGORY) values ('PC7','Club Doctor');
Insert into SRI.PERSON_CATEGORY (PERSON_CATEGORY_ID,PERSON_CATEGORY) values ('PC8','Common User');
REM INSERTING into SRI.PLAYER_CLUB_HISTORY
SET DEFINE OFF;
Insert into SRI.PLAYER_CLUB_HISTORY (CLUB_ID,PERSON_ID,SHOTS,CROSSES,OFFSIDES,GOALS_SCORED,GOALS_SAVED,GOALS_CONCEDED) values ('CL4',24,0,0,0,0,0,0);
Insert into SRI.PLAYER_CLUB_HISTORY (CLUB_ID,PERSON_ID,SHOTS,CROSSES,OFFSIDES,GOALS_SCORED,GOALS_SAVED,GOALS_CONCEDED) values ('CL1',25,0,0,0,0,0,0);
Insert into SRI.PLAYER_CLUB_HISTORY (CLUB_ID,PERSON_ID,SHOTS,CROSSES,OFFSIDES,GOALS_SCORED,GOALS_SAVED,GOALS_CONCEDED) values ('CL4',25,0,0,0,0,0,0);
Insert into SRI.PLAYER_CLUB_HISTORY (CLUB_ID,PERSON_ID,SHOTS,CROSSES,OFFSIDES,GOALS_SCORED,GOALS_SAVED,GOALS_CONCEDED) values ('CL1',9,120,80,35,50,0,0);
Insert into SRI.PLAYER_CLUB_HISTORY (CLUB_ID,PERSON_ID,SHOTS,CROSSES,OFFSIDES,GOALS_SCORED,GOALS_SAVED,GOALS_CONCEDED) values ('CL1',10,90,50,40,30,0,0);
Insert into SRI.PLAYER_CLUB_HISTORY (CLUB_ID,PERSON_ID,SHOTS,CROSSES,OFFSIDES,GOALS_SCORED,GOALS_SAVED,GOALS_CONCEDED) values ('CL1',11,60,45,45,25,0,0);
Insert into SRI.PLAYER_CLUB_HISTORY (CLUB_ID,PERSON_ID,SHOTS,CROSSES,OFFSIDES,GOALS_SCORED,GOALS_SAVED,GOALS_CONCEDED) values ('CL1',12,70,25,28,10,0,0);
Insert into SRI.PLAYER_CLUB_HISTORY (CLUB_ID,PERSON_ID,SHOTS,CROSSES,OFFSIDES,GOALS_SCORED,GOALS_SAVED,GOALS_CONCEDED) values ('CL1',13,0,0,0,0,150,45);
Insert into SRI.PLAYER_CLUB_HISTORY (CLUB_ID,PERSON_ID,SHOTS,CROSSES,OFFSIDES,GOALS_SCORED,GOALS_SAVED,GOALS_CONCEDED) values ('CL2',14,110,70,25,30,0,0);
Insert into SRI.PLAYER_CLUB_HISTORY (CLUB_ID,PERSON_ID,SHOTS,CROSSES,OFFSIDES,GOALS_SCORED,GOALS_SAVED,GOALS_CONCEDED) values ('CL2',15,80,40,30,20,0,0);
Insert into SRI.PLAYER_CLUB_HISTORY (CLUB_ID,PERSON_ID,SHOTS,CROSSES,OFFSIDES,GOALS_SCORED,GOALS_SAVED,GOALS_CONCEDED) values ('CL2',16,70,35,25,15,0,0);
Insert into SRI.PLAYER_CLUB_HISTORY (CLUB_ID,PERSON_ID,SHOTS,CROSSES,OFFSIDES,GOALS_SCORED,GOALS_SAVED,GOALS_CONCEDED) values ('CL2',17,0,0,0,0,130,55);
Insert into SRI.PLAYER_CLUB_HISTORY (CLUB_ID,PERSON_ID,SHOTS,CROSSES,OFFSIDES,GOALS_SCORED,GOALS_SAVED,GOALS_CONCEDED) values ('CL2',18,80,60,25,30,0,0);
Insert into SRI.PLAYER_CLUB_HISTORY (CLUB_ID,PERSON_ID,SHOTS,CROSSES,OFFSIDES,GOALS_SCORED,GOALS_SAVED,GOALS_CONCEDED) values ('CL3',19,90,60,30,45,0,0);
Insert into SRI.PLAYER_CLUB_HISTORY (CLUB_ID,PERSON_ID,SHOTS,CROSSES,OFFSIDES,GOALS_SCORED,GOALS_SAVED,GOALS_CONCEDED) values ('CL3',20,80,30,20,25,0,0);
Insert into SRI.PLAYER_CLUB_HISTORY (CLUB_ID,PERSON_ID,SHOTS,CROSSES,OFFSIDES,GOALS_SCORED,GOALS_SAVED,GOALS_CONCEDED) values ('CL3',21,65,48,40,30,0,0);
Insert into SRI.PLAYER_CLUB_HISTORY (CLUB_ID,PERSON_ID,SHOTS,CROSSES,OFFSIDES,GOALS_SCORED,GOALS_SAVED,GOALS_CONCEDED) values ('CL3',22,72,28,25,15,0,0);
Insert into SRI.PLAYER_CLUB_HISTORY (CLUB_ID,PERSON_ID,SHOTS,CROSSES,OFFSIDES,GOALS_SCORED,GOALS_SAVED,GOALS_CONCEDED) values ('CL3',23,0,0,0,0,160,40);
Insert into SRI.PLAYER_CLUB_HISTORY (CLUB_ID,PERSON_ID,SHOTS,CROSSES,OFFSIDES,GOALS_SCORED,GOALS_SAVED,GOALS_CONCEDED) values ('CL4',24,75,50,15,30,0,0);
Insert into SRI.PLAYER_CLUB_HISTORY (CLUB_ID,PERSON_ID,SHOTS,CROSSES,OFFSIDES,GOALS_SCORED,GOALS_SAVED,GOALS_CONCEDED) values ('CL4',25,60,40,42,20,0,0);
Insert into SRI.PLAYER_CLUB_HISTORY (CLUB_ID,PERSON_ID,SHOTS,CROSSES,OFFSIDES,GOALS_SCORED,GOALS_SAVED,GOALS_CONCEDED) values ('CL4',26,65,35,25,15,0,0);
Insert into SRI.PLAYER_CLUB_HISTORY (CLUB_ID,PERSON_ID,SHOTS,CROSSES,OFFSIDES,GOALS_SCORED,GOALS_SAVED,GOALS_CONCEDED) values ('CL4',27,50,20,22,5,0,0);
Insert into SRI.PLAYER_CLUB_HISTORY (CLUB_ID,PERSON_ID,SHOTS,CROSSES,OFFSIDES,GOALS_SCORED,GOALS_SAVED,GOALS_CONCEDED) values ('CL4',28,0,0,0,0,130,60);
Insert into SRI.PLAYER_CLUB_HISTORY (CLUB_ID,PERSON_ID,SHOTS,CROSSES,OFFSIDES,GOALS_SCORED,GOALS_SAVED,GOALS_CONCEDED) values ('CL5',29,120,80,35,50,0,0);
Insert into SRI.PLAYER_CLUB_HISTORY (CLUB_ID,PERSON_ID,SHOTS,CROSSES,OFFSIDES,GOALS_SCORED,GOALS_SAVED,GOALS_CONCEDED) values ('CL5',30,90,50,40,30,0,0);
Insert into SRI.PLAYER_CLUB_HISTORY (CLUB_ID,PERSON_ID,SHOTS,CROSSES,OFFSIDES,GOALS_SCORED,GOALS_SAVED,GOALS_CONCEDED) values ('CL5',31,60,45,45,25,0,0);
Insert into SRI.PLAYER_CLUB_HISTORY (CLUB_ID,PERSON_ID,SHOTS,CROSSES,OFFSIDES,GOALS_SCORED,GOALS_SAVED,GOALS_CONCEDED) values ('CL5',32,70,25,28,10,0,0);
Insert into SRI.PLAYER_CLUB_HISTORY (CLUB_ID,PERSON_ID,SHOTS,CROSSES,OFFSIDES,GOALS_SCORED,GOALS_SAVED,GOALS_CONCEDED) values ('CL5',33,0,0,0,0,150,45);
Insert into SRI.PLAYER_CLUB_HISTORY (CLUB_ID,PERSON_ID,SHOTS,CROSSES,OFFSIDES,GOALS_SCORED,GOALS_SAVED,GOALS_CONCEDED) values ('CL6',34,110,70,25,30,0,0);
Insert into SRI.PLAYER_CLUB_HISTORY (CLUB_ID,PERSON_ID,SHOTS,CROSSES,OFFSIDES,GOALS_SCORED,GOALS_SAVED,GOALS_CONCEDED) values ('CL6',35,80,40,30,20,0,0);
Insert into SRI.PLAYER_CLUB_HISTORY (CLUB_ID,PERSON_ID,SHOTS,CROSSES,OFFSIDES,GOALS_SCORED,GOALS_SAVED,GOALS_CONCEDED) values ('CL6',36,70,35,25,15,0,0);
Insert into SRI.PLAYER_CLUB_HISTORY (CLUB_ID,PERSON_ID,SHOTS,CROSSES,OFFSIDES,GOALS_SCORED,GOALS_SAVED,GOALS_CONCEDED) values ('CL6',37,0,0,0,0,130,55);
Insert into SRI.PLAYER_CLUB_HISTORY (CLUB_ID,PERSON_ID,SHOTS,CROSSES,OFFSIDES,GOALS_SCORED,GOALS_SAVED,GOALS_CONCEDED) values ('CL6',38,80,60,25,30,0,0);
Insert into SRI.PLAYER_CLUB_HISTORY (CLUB_ID,PERSON_ID,SHOTS,CROSSES,OFFSIDES,GOALS_SCORED,GOALS_SAVED,GOALS_CONCEDED) values ('CL7',39,90,60,30,45,0,0);
Insert into SRI.PLAYER_CLUB_HISTORY (CLUB_ID,PERSON_ID,SHOTS,CROSSES,OFFSIDES,GOALS_SCORED,GOALS_SAVED,GOALS_CONCEDED) values ('CL7',40,80,30,20,25,0,0);
Insert into SRI.PLAYER_CLUB_HISTORY (CLUB_ID,PERSON_ID,SHOTS,CROSSES,OFFSIDES,GOALS_SCORED,GOALS_SAVED,GOALS_CONCEDED) values ('CL7',41,65,48,40,30,0,0);
Insert into SRI.PLAYER_CLUB_HISTORY (CLUB_ID,PERSON_ID,SHOTS,CROSSES,OFFSIDES,GOALS_SCORED,GOALS_SAVED,GOALS_CONCEDED) values ('CL7',42,72,28,25,15,0,0);
Insert into SRI.PLAYER_CLUB_HISTORY (CLUB_ID,PERSON_ID,SHOTS,CROSSES,OFFSIDES,GOALS_SCORED,GOALS_SAVED,GOALS_CONCEDED) values ('CL7',43,0,0,0,0,160,40);
Insert into SRI.PLAYER_CLUB_HISTORY (CLUB_ID,PERSON_ID,SHOTS,CROSSES,OFFSIDES,GOALS_SCORED,GOALS_SAVED,GOALS_CONCEDED) values ('CL8',44,75,50,15,30,0,0);
Insert into SRI.PLAYER_CLUB_HISTORY (CLUB_ID,PERSON_ID,SHOTS,CROSSES,OFFSIDES,GOALS_SCORED,GOALS_SAVED,GOALS_CONCEDED) values ('CL8',45,60,40,42,20,0,0);
Insert into SRI.PLAYER_CLUB_HISTORY (CLUB_ID,PERSON_ID,SHOTS,CROSSES,OFFSIDES,GOALS_SCORED,GOALS_SAVED,GOALS_CONCEDED) values ('CL8',46,65,35,25,15,0,0);
Insert into SRI.PLAYER_CLUB_HISTORY (CLUB_ID,PERSON_ID,SHOTS,CROSSES,OFFSIDES,GOALS_SCORED,GOALS_SAVED,GOALS_CONCEDED) values ('CL8',47,50,20,22,5,0,0);
Insert into SRI.PLAYER_CLUB_HISTORY (CLUB_ID,PERSON_ID,SHOTS,CROSSES,OFFSIDES,GOALS_SCORED,GOALS_SAVED,GOALS_CONCEDED) values ('CL8',48,0,0,0,0,130,60);
REM INSERTING into SRI.SQUAD
SET DEFINE OFF;
Insert into SRI.SQUAD (SQUAD_ID,CLUB_ID,FOOTBALL_PLAYER_ID) values ('SQ1','CL1','FP1');
Insert into SRI.SQUAD (SQUAD_ID,CLUB_ID,FOOTBALL_PLAYER_ID) values ('SQ2','CL1','FP2');
Insert into SRI.SQUAD (SQUAD_ID,CLUB_ID,FOOTBALL_PLAYER_ID) values ('SQ3','CL1','FP3');
Insert into SRI.SQUAD (SQUAD_ID,CLUB_ID,FOOTBALL_PLAYER_ID) values ('SQ4','CL1','FP4');
Insert into SRI.SQUAD (SQUAD_ID,CLUB_ID,FOOTBALL_PLAYER_ID) values ('SQ5','CL1','FP5');
Insert into SRI.SQUAD (SQUAD_ID,CLUB_ID,FOOTBALL_PLAYER_ID) values ('SQ6','CL2','FP6');
Insert into SRI.SQUAD (SQUAD_ID,CLUB_ID,FOOTBALL_PLAYER_ID) values ('SQ7','CL2','FP7');
Insert into SRI.SQUAD (SQUAD_ID,CLUB_ID,FOOTBALL_PLAYER_ID) values ('SQ8','CL2','FP8');
Insert into SRI.SQUAD (SQUAD_ID,CLUB_ID,FOOTBALL_PLAYER_ID) values ('SQ9','CL2','FP9');
Insert into SRI.SQUAD (SQUAD_ID,CLUB_ID,FOOTBALL_PLAYER_ID) values ('SQ10','CL2','FP10');
Insert into SRI.SQUAD (SQUAD_ID,CLUB_ID,FOOTBALL_PLAYER_ID) values ('SQ11','CL3','FP11');
Insert into SRI.SQUAD (SQUAD_ID,CLUB_ID,FOOTBALL_PLAYER_ID) values ('SQ12','CL3','FP12');
Insert into SRI.SQUAD (SQUAD_ID,CLUB_ID,FOOTBALL_PLAYER_ID) values ('SQ13','CL3','FP13');
Insert into SRI.SQUAD (SQUAD_ID,CLUB_ID,FOOTBALL_PLAYER_ID) values ('SQ14','CL3','FP14');
Insert into SRI.SQUAD (SQUAD_ID,CLUB_ID,FOOTBALL_PLAYER_ID) values ('SQ15','CL3','FP15');
Insert into SRI.SQUAD (SQUAD_ID,CLUB_ID,FOOTBALL_PLAYER_ID) values ('SQ16','CL4','FP16');
Insert into SRI.SQUAD (SQUAD_ID,CLUB_ID,FOOTBALL_PLAYER_ID) values ('SQ17','CL4','FP17');
Insert into SRI.SQUAD (SQUAD_ID,CLUB_ID,FOOTBALL_PLAYER_ID) values ('SQ18','CL4','FP18');
Insert into SRI.SQUAD (SQUAD_ID,CLUB_ID,FOOTBALL_PLAYER_ID) values ('SQ19','CL4','FP19');
Insert into SRI.SQUAD (SQUAD_ID,CLUB_ID,FOOTBALL_PLAYER_ID) values ('SQ20','CL4','FP20');
Insert into SRI.SQUAD (SQUAD_ID,CLUB_ID,FOOTBALL_PLAYER_ID) values ('SQ21','CL5','FP21');
Insert into SRI.SQUAD (SQUAD_ID,CLUB_ID,FOOTBALL_PLAYER_ID) values ('SQ22','CL5','FP22');
Insert into SRI.SQUAD (SQUAD_ID,CLUB_ID,FOOTBALL_PLAYER_ID) values ('SQ23','CL5','FP23');
Insert into SRI.SQUAD (SQUAD_ID,CLUB_ID,FOOTBALL_PLAYER_ID) values ('SQ24','CL5','FP24');
Insert into SRI.SQUAD (SQUAD_ID,CLUB_ID,FOOTBALL_PLAYER_ID) values ('SQ25','CL5','FP25');
Insert into SRI.SQUAD (SQUAD_ID,CLUB_ID,FOOTBALL_PLAYER_ID) values ('SQ26','CL6','FP26');
Insert into SRI.SQUAD (SQUAD_ID,CLUB_ID,FOOTBALL_PLAYER_ID) values ('SQ27','CL6','FP27');
Insert into SRI.SQUAD (SQUAD_ID,CLUB_ID,FOOTBALL_PLAYER_ID) values ('SQ28','CL6','FP28');
Insert into SRI.SQUAD (SQUAD_ID,CLUB_ID,FOOTBALL_PLAYER_ID) values ('SQ29','CL6','FP29');
Insert into SRI.SQUAD (SQUAD_ID,CLUB_ID,FOOTBALL_PLAYER_ID) values ('SQ30','CL6','FP30');
Insert into SRI.SQUAD (SQUAD_ID,CLUB_ID,FOOTBALL_PLAYER_ID) values ('SQ31','CL7','FP31');
Insert into SRI.SQUAD (SQUAD_ID,CLUB_ID,FOOTBALL_PLAYER_ID) values ('SQ32','CL7','FP32');
Insert into SRI.SQUAD (SQUAD_ID,CLUB_ID,FOOTBALL_PLAYER_ID) values ('SQ33','CL7','FP33');
Insert into SRI.SQUAD (SQUAD_ID,CLUB_ID,FOOTBALL_PLAYER_ID) values ('SQ34','CL7','FP34');
Insert into SRI.SQUAD (SQUAD_ID,CLUB_ID,FOOTBALL_PLAYER_ID) values ('SQ35','CL7','FP35');
Insert into SRI.SQUAD (SQUAD_ID,CLUB_ID,FOOTBALL_PLAYER_ID) values ('SQ36','CL8','FP36');
Insert into SRI.SQUAD (SQUAD_ID,CLUB_ID,FOOTBALL_PLAYER_ID) values ('SQ37','CL8','FP37');
Insert into SRI.SQUAD (SQUAD_ID,CLUB_ID,FOOTBALL_PLAYER_ID) values ('SQ38','CL8','FP38');
Insert into SRI.SQUAD (SQUAD_ID,CLUB_ID,FOOTBALL_PLAYER_ID) values ('SQ39','CL8','FP39');
Insert into SRI.SQUAD (SQUAD_ID,CLUB_ID,FOOTBALL_PLAYER_ID) values ('SQ40','CL8','FP40');
REM INSERTING into SRI.TRANSFER
SET DEFINE OFF;
Insert into SRI.TRANSFER (TRANSFER_CATEGORY_ID,CURRENT_TEAM,NEW_TEAM,TRANSFER_FEE,LOAN_FEE,WAGE,CONTRACT,FOOTBALL_PLAYER_ID) values ('TR1','CL4','CL1','2 Million',null,'15 Million','5 Years','FP17');
Insert into SRI.TRANSFER (TRANSFER_CATEGORY_ID,CURRENT_TEAM,NEW_TEAM,TRANSFER_FEE,LOAN_FEE,WAGE,CONTRACT,FOOTBALL_PLAYER_ID) values ('TR2','CL1','CL4','2 Million',null,'15 Million','5 Years','FP17');
REM INSERTING into SRI.TRANSFER_CATEGORY
SET DEFINE OFF;
Insert into SRI.TRANSFER_CATEGORY (TRANSFER_CATEGORY_ID,TRANSFER_CATEGORY) values ('TR1','Normal Transfer');
Insert into SRI.TRANSFER_CATEGORY (TRANSFER_CATEGORY_ID,TRANSFER_CATEGORY) values ('TR2','Normal Transfer');
REM INSERTING into SRI.USER_TABLE
SET DEFINE OFF;
Insert into SRI.USER_TABLE (PERSON_ID,FIXTURE_ID,WINNER_PREDICTION,HOME_GOALS,AWAY_GOALS) values (93,'FIX17','Real Madrid','3 Goals','0 Goals');
Insert into SRI.USER_TABLE (PERSON_ID,FIXTURE_ID,WINNER_PREDICTION,HOME_GOALS,AWAY_GOALS) values (93,'FIX19','Athletico Madrid','1 Goals','0 Goals');
Insert into SRI.USER_TABLE (PERSON_ID,FIXTURE_ID,WINNER_PREDICTION,HOME_GOALS,AWAY_GOALS) values (89,'FIX1','Manchester United','4 Goals','2 Goals');
Insert into SRI.USER_TABLE (PERSON_ID,FIXTURE_ID,WINNER_PREDICTION,HOME_GOALS,AWAY_GOALS) values (90,'FIX4','Chelsea','5 Goals','1 Goals');
Insert into SRI.USER_TABLE (PERSON_ID,FIXTURE_ID,WINNER_PREDICTION,HOME_GOALS,AWAY_GOALS) values (91,'FIX10','Arsenal','3 Goals','2 Goals');
Insert into SRI.USER_TABLE (PERSON_ID,FIXTURE_ID,WINNER_PREDICTION,HOME_GOALS,AWAY_GOALS) values (92,'FIX13','Barcelona','4 Goals','3 Goals');
Insert into SRI.USER_TABLE (PERSON_ID,FIXTURE_ID,WINNER_PREDICTION,HOME_GOALS,AWAY_GOALS) values (93,'FIX16','Real Madrid','5 Goals','0 Goals');
REM INSERTING into SRI.VIEW_ALL_RESULTS
SET DEFINE OFF;
Insert into SRI.VIEW_ALL_RESULTS (RESULT_ID,LEAGUE_ID,FIXTURE,HOME_TEAM,AWAY_TEAM,RESULT) values ('RES1','L1',to_date('01/26/2015','MM/DD/YYYY'),'CL1','CL2','4 - 2');
Insert into SRI.VIEW_ALL_RESULTS (RESULT_ID,LEAGUE_ID,FIXTURE,HOME_TEAM,AWAY_TEAM,RESULT) values ('RES2','L1',to_date('02/26/2015','MM/DD/YYYY'),'CL1','CL3','2 - 0');
Insert into SRI.VIEW_ALL_RESULTS (RESULT_ID,LEAGUE_ID,FIXTURE,HOME_TEAM,AWAY_TEAM,RESULT) values ('RES3','L1',to_date('03/26/2015','MM/DD/YYYY'),'CL1','CL4','3 - 2');
Insert into SRI.VIEW_ALL_RESULTS (RESULT_ID,LEAGUE_ID,FIXTURE,HOME_TEAM,AWAY_TEAM,RESULT) values ('RES4','L1',to_date('01/28/2015','MM/DD/YYYY'),'CL2','CL1','3 - 2');
Insert into SRI.VIEW_ALL_RESULTS (RESULT_ID,LEAGUE_ID,FIXTURE,HOME_TEAM,AWAY_TEAM,RESULT) values ('RES5','L1',to_date('02/28/2015','MM/DD/YYYY'),'CL2','CL3','4 - 1');
Insert into SRI.VIEW_ALL_RESULTS (RESULT_ID,LEAGUE_ID,FIXTURE,HOME_TEAM,AWAY_TEAM,RESULT) values ('RES6','L1',to_date('03/28/2015','MM/DD/YYYY'),'CL2','CL4','1 - 0');
Insert into SRI.VIEW_ALL_RESULTS (RESULT_ID,LEAGUE_ID,FIXTURE,HOME_TEAM,AWAY_TEAM,RESULT) values ('RES7','L1',to_date('02/01/2015','MM/DD/YYYY'),'CL3','CL1','1 - 3');
Insert into SRI.VIEW_ALL_RESULTS (RESULT_ID,LEAGUE_ID,FIXTURE,HOME_TEAM,AWAY_TEAM,RESULT) values ('RES8','L1',to_date('03/01/2015','MM/DD/YYYY'),'CL3','CL2','2 - 0');
Insert into SRI.VIEW_ALL_RESULTS (RESULT_ID,LEAGUE_ID,FIXTURE,HOME_TEAM,AWAY_TEAM,RESULT) values ('RES9','L1',to_date('03/30/2015','MM/DD/YYYY'),'CL3','CL4','4 - 1');
Insert into SRI.VIEW_ALL_RESULTS (RESULT_ID,LEAGUE_ID,FIXTURE,HOME_TEAM,AWAY_TEAM,RESULT) values ('RES10','L1',to_date('02/10/2015','MM/DD/YYYY'),'CL4','CL1','1 - 2');
Insert into SRI.VIEW_ALL_RESULTS (RESULT_ID,LEAGUE_ID,FIXTURE,HOME_TEAM,AWAY_TEAM,RESULT) values ('RES11','L1',to_date('03/04/2015','MM/DD/YYYY'),'CL4','CL2','2 - 2');
Insert into SRI.VIEW_ALL_RESULTS (RESULT_ID,LEAGUE_ID,FIXTURE,HOME_TEAM,AWAY_TEAM,RESULT) values ('RES12','L1',to_date('04/01/2015','MM/DD/YYYY'),'CL4','CL3','3 - 2');
Insert into SRI.VIEW_ALL_RESULTS (RESULT_ID,LEAGUE_ID,FIXTURE,HOME_TEAM,AWAY_TEAM,RESULT) values ('RES13','L2',to_date('01/26/2015','MM/DD/YYYY'),'CL5','CL6','4 - 2');
Insert into SRI.VIEW_ALL_RESULTS (RESULT_ID,LEAGUE_ID,FIXTURE,HOME_TEAM,AWAY_TEAM,RESULT) values ('RES14','L2',to_date('02/26/2015','MM/DD/YYYY'),'CL5','CL7','2 - 0');
Insert into SRI.VIEW_ALL_RESULTS (RESULT_ID,LEAGUE_ID,FIXTURE,HOME_TEAM,AWAY_TEAM,RESULT) values ('RES15','L2',to_date('03/26/2015','MM/DD/YYYY'),'CL5','CL8','3 - 2');
Insert into SRI.VIEW_ALL_RESULTS (RESULT_ID,LEAGUE_ID,FIXTURE,HOME_TEAM,AWAY_TEAM,RESULT) values ('RES16','L2',to_date('01/28/2015','MM/DD/YYYY'),'CL6','CL5','3 - 2');
Insert into SRI.VIEW_ALL_RESULTS (RESULT_ID,LEAGUE_ID,FIXTURE,HOME_TEAM,AWAY_TEAM,RESULT) values ('RES17','L2',to_date('02/28/2015','MM/DD/YYYY'),'CL6','CL7','4 - 1');
Insert into SRI.VIEW_ALL_RESULTS (RESULT_ID,LEAGUE_ID,FIXTURE,HOME_TEAM,AWAY_TEAM,RESULT) values ('RES18','L2',to_date('03/28/2015','MM/DD/YYYY'),'CL6','CL8','1 - 0');
Insert into SRI.VIEW_ALL_RESULTS (RESULT_ID,LEAGUE_ID,FIXTURE,HOME_TEAM,AWAY_TEAM,RESULT) values ('RES19','L2',to_date('02/01/2015','MM/DD/YYYY'),'CL7','CL5','1 - 3');
Insert into SRI.VIEW_ALL_RESULTS (RESULT_ID,LEAGUE_ID,FIXTURE,HOME_TEAM,AWAY_TEAM,RESULT) values ('RES20','L2',to_date('03/01/2015','MM/DD/YYYY'),'CL7','CL6','2 - 0');
Insert into SRI.VIEW_ALL_RESULTS (RESULT_ID,LEAGUE_ID,FIXTURE,HOME_TEAM,AWAY_TEAM,RESULT) values ('RES21','L2',to_date('03/30/2015','MM/DD/YYYY'),'CL7','CL8','4 - 1');
Insert into SRI.VIEW_ALL_RESULTS (RESULT_ID,LEAGUE_ID,FIXTURE,HOME_TEAM,AWAY_TEAM,RESULT) values ('RES22','L2',to_date('02/10/2015','MM/DD/YYYY'),'CL8','CL5','1 - 2');
Insert into SRI.VIEW_ALL_RESULTS (RESULT_ID,LEAGUE_ID,FIXTURE,HOME_TEAM,AWAY_TEAM,RESULT) values ('RES23','L2',to_date('03/04/2015','MM/DD/YYYY'),'CL8','CL6','2 - 2');
Insert into SRI.VIEW_ALL_RESULTS (RESULT_ID,LEAGUE_ID,FIXTURE,HOME_TEAM,AWAY_TEAM,RESULT) values ('RES24','L2',to_date('04/01/2015','MM/DD/YYYY'),'CL8','CL7','3 - 2');
--------------------------------------------------------
--  DDL for Index PERSON_CATEGORY_PK
--------------------------------------------------------

  CREATE UNIQUE INDEX "SRI"."PERSON_CATEGORY_PK" ON "SRI"."PERSON_CATEGORY" ("PERSON_CATEGORY_ID") 
  PCTFREE 10 INITRANS 2 MAXTRANS 255 NOLOGGING COMPUTE STATISTICS 
  STORAGE(INITIAL 65536 NEXT 1048576 MINEXTENTS 1 MAXEXTENTS 2147483645
  PCTINCREASE 0 FREELISTS 1 FREELIST GROUPS 1 BUFFER_POOL DEFAULT FLASH_CACHE DEFAULT CELL_FLASH_CACHE DEFAULT)
  TABLESPACE "EXAMPLE" ;
--------------------------------------------------------
--  DDL for Index CLUB_PERSON_PK
--------------------------------------------------------

  CREATE UNIQUE INDEX "SRI"."CLUB_PERSON_PK" ON "SRI"."CLUB_PERSON" ("CLUB_PERSON_ID") 
  PCTFREE 10 INITRANS 2 MAXTRANS 255 NOLOGGING COMPUTE STATISTICS 
  STORAGE(INITIAL 65536 NEXT 1048576 MINEXTENTS 1 MAXEXTENTS 2147483645
  PCTINCREASE 0 FREELISTS 1 FREELIST GROUPS 1 BUFFER_POOL DEFAULT FLASH_CACHE DEFAULT CELL_FLASH_CACHE DEFAULT)
  TABLESPACE "EXAMPLE" ;
--------------------------------------------------------
--  DDL for Index PERSON_PK
--------------------------------------------------------

  CREATE UNIQUE INDEX "SRI"."PERSON_PK" ON "SRI"."PERSON" ("PERSON_ID") 
  PCTFREE 10 INITRANS 2 MAXTRANS 255 NOLOGGING COMPUTE STATISTICS 
  STORAGE(INITIAL 65536 NEXT 1048576 MINEXTENTS 1 MAXEXTENTS 2147483645
  PCTINCREASE 0 FREELISTS 1 FREELIST GROUPS 1 BUFFER_POOL DEFAULT FLASH_CACHE DEFAULT CELL_FLASH_CACHE DEFAULT)
  TABLESPACE "EXAMPLE" ;
--------------------------------------------------------
--  DDL for Index FP_INDEX
--------------------------------------------------------

  CREATE INDEX "SRI"."FP_INDEX" ON "SRI"."FOOTBALL_PLAYER" ("FOOTBALL_PLAYER_ID", "POSITION", "MATCHES_PLAYED") 
  PCTFREE 10 INITRANS 2 MAXTRANS 255 NOLOGGING COMPUTE STATISTICS 
  STORAGE(INITIAL 65536 NEXT 1048576 MINEXTENTS 1 MAXEXTENTS 2147483645
  PCTINCREASE 0 FREELISTS 1 FREELIST GROUPS 1 BUFFER_POOL DEFAULT FLASH_CACHE DEFAULT CELL_FLASH_CACHE DEFAULT)
  TABLESPACE "EXAMPLE" ;
--------------------------------------------------------
--  DDL for Index GOALS_PK
--------------------------------------------------------

  CREATE UNIQUE INDEX "SRI"."GOALS_PK" ON "SRI"."GOALS" ("ROW_ID") 
  PCTFREE 10 INITRANS 2 MAXTRANS 255 NOLOGGING COMPUTE STATISTICS 
  STORAGE(INITIAL 65536 NEXT 1048576 MINEXTENTS 1 MAXEXTENTS 2147483645
  PCTINCREASE 0 FREELISTS 1 FREELIST GROUPS 1 BUFFER_POOL DEFAULT FLASH_CACHE DEFAULT CELL_FLASH_CACHE DEFAULT)
  TABLESPACE "EXAMPLE" ;
--------------------------------------------------------
--  DDL for Index CLUB_DIRECTORY_PK
--------------------------------------------------------

  CREATE UNIQUE INDEX "SRI"."CLUB_DIRECTORY_PK" ON "SRI"."CLUB_DIRECTORY" ("CLUB_DIRECTORY_ID") 
  PCTFREE 10 INITRANS 2 MAXTRANS 255 NOLOGGING COMPUTE STATISTICS 
  STORAGE(INITIAL 65536 NEXT 1048576 MINEXTENTS 1 MAXEXTENTS 2147483645
  PCTINCREASE 0 FREELISTS 1 FREELIST GROUPS 1 BUFFER_POOL DEFAULT FLASH_CACHE DEFAULT CELL_FLASH_CACHE DEFAULT)
  TABLESPACE "EXAMPLE" ;
--------------------------------------------------------
--  DDL for Index CLUB_PK
--------------------------------------------------------

  CREATE UNIQUE INDEX "SRI"."CLUB_PK" ON "SRI"."CLUB" ("CLUB_ID") 
  PCTFREE 10 INITRANS 2 MAXTRANS 255 NOLOGGING COMPUTE STATISTICS 
  STORAGE(INITIAL 65536 NEXT 1048576 MINEXTENTS 1 MAXEXTENTS 2147483645
  PCTINCREASE 0 FREELISTS 1 FREELIST GROUPS 1 BUFFER_POOL DEFAULT FLASH_CACHE DEFAULT CELL_FLASH_CACHE DEFAULT)
  TABLESPACE "EXAMPLE" ;
--------------------------------------------------------
--  DDL for Index TRANSFER_CATEGORY_PK
--------------------------------------------------------

  CREATE UNIQUE INDEX "SRI"."TRANSFER_CATEGORY_PK" ON "SRI"."TRANSFER_CATEGORY" ("TRANSFER_CATEGORY_ID") 
  PCTFREE 10 INITRANS 2 MAXTRANS 255 NOLOGGING COMPUTE STATISTICS 
  STORAGE(INITIAL 65536 NEXT 1048576 MINEXTENTS 1 MAXEXTENTS 2147483645
  PCTINCREASE 0 FREELISTS 1 FREELIST GROUPS 1 BUFFER_POOL DEFAULT FLASH_CACHE DEFAULT CELL_FLASH_CACHE DEFAULT)
  TABLESPACE "EXAMPLE" ;
--------------------------------------------------------
--  DDL for Index FIXTURES_PK
--------------------------------------------------------

  CREATE UNIQUE INDEX "SRI"."FIXTURES_PK" ON "SRI"."FIXTURES" ("FIXTURE_ID") 
  PCTFREE 10 INITRANS 2 MAXTRANS 255 NOLOGGING COMPUTE STATISTICS 
  STORAGE(INITIAL 65536 NEXT 1048576 MINEXTENTS 1 MAXEXTENTS 2147483645
  PCTINCREASE 0 FREELISTS 1 FREELIST GROUPS 1 BUFFER_POOL DEFAULT FLASH_CACHE DEFAULT CELL_FLASH_CACHE DEFAULT)
  TABLESPACE "EXAMPLE" ;
--------------------------------------------------------
--  DDL for Index PERSON_ID
--------------------------------------------------------

  CREATE INDEX "SRI"."PERSON_ID" ON "SRI"."PERSON" ("PERSON_ID", "FIRST_NAME", "LAST_NAME") 
  PCTFREE 10 INITRANS 2 MAXTRANS 255 NOLOGGING COMPUTE STATISTICS 
  STORAGE(INITIAL 65536 NEXT 1048576 MINEXTENTS 1 MAXEXTENTS 2147483645
  PCTINCREASE 0 FREELISTS 1 FREELIST GROUPS 1 BUFFER_POOL DEFAULT FLASH_CACHE DEFAULT CELL_FLASH_CACHE DEFAULT)
  TABLESPACE "EXAMPLE" ;
--------------------------------------------------------
--  DDL for Index IMAGE_LOCATION_PK
--------------------------------------------------------

  CREATE UNIQUE INDEX "SRI"."IMAGE_LOCATION_PK" ON "SRI"."IMAGE_LOCATION" ("IMAGE_ID") 
  PCTFREE 10 INITRANS 2 MAXTRANS 255 NOLOGGING COMPUTE STATISTICS 
  STORAGE(INITIAL 65536 NEXT 1048576 MINEXTENTS 1 MAXEXTENTS 2147483645
  PCTINCREASE 0 FREELISTS 1 FREELIST GROUPS 1 BUFFER_POOL DEFAULT FLASH_CACHE DEFAULT CELL_FLASH_CACHE DEFAULT)
  TABLESPACE "EXAMPLE" ;
--------------------------------------------------------
--  DDL for Index VIEW_ALL_RESULTS_PK
--------------------------------------------------------

  CREATE UNIQUE INDEX "SRI"."VIEW_ALL_RESULTS_PK" ON "SRI"."VIEW_ALL_RESULTS" ("RESULT_ID") 
  PCTFREE 10 INITRANS 2 MAXTRANS 255 NOLOGGING COMPUTE STATISTICS 
  STORAGE(INITIAL 65536 NEXT 1048576 MINEXTENTS 1 MAXEXTENTS 2147483645
  PCTINCREASE 0 FREELISTS 1 FREELIST GROUPS 1 BUFFER_POOL DEFAULT FLASH_CACHE DEFAULT CELL_FLASH_CACHE DEFAULT)
  TABLESPACE "EXAMPLE" ;
--------------------------------------------------------
--  DDL for Index FOOTBALL_PLAYER_PK
--------------------------------------------------------

  CREATE UNIQUE INDEX "SRI"."FOOTBALL_PLAYER_PK" ON "SRI"."FOOTBALL_PLAYER" ("FOOTBALL_PLAYER_ID") 
  PCTFREE 10 INITRANS 2 MAXTRANS 255 NOLOGGING COMPUTE STATISTICS 
  STORAGE(INITIAL 65536 NEXT 1048576 MINEXTENTS 1 MAXEXTENTS 2147483645
  PCTINCREASE 0 FREELISTS 1 FREELIST GROUPS 1 BUFFER_POOL DEFAULT FLASH_CACHE DEFAULT CELL_FLASH_CACHE DEFAULT)
  TABLESPACE "EXAMPLE" ;
--------------------------------------------------------
--  DDL for Index LEAGUE_PK
--------------------------------------------------------

  CREATE UNIQUE INDEX "SRI"."LEAGUE_PK" ON "SRI"."LEAGUE" ("LEAGUE_ID") 
  PCTFREE 10 INITRANS 2 MAXTRANS 255 NOLOGGING COMPUTE STATISTICS 
  STORAGE(INITIAL 65536 NEXT 1048576 MINEXTENTS 1 MAXEXTENTS 2147483645
  PCTINCREASE 0 FREELISTS 1 FREELIST GROUPS 1 BUFFER_POOL DEFAULT FLASH_CACHE DEFAULT CELL_FLASH_CACHE DEFAULT)
  TABLESPACE "EXAMPLE" ;
--------------------------------------------------------
--  DDL for Index SQUAD_PK
--------------------------------------------------------

  CREATE UNIQUE INDEX "SRI"."SQUAD_PK" ON "SRI"."SQUAD" ("SQUAD_ID") 
  PCTFREE 10 INITRANS 2 MAXTRANS 255 NOLOGGING COMPUTE STATISTICS 
  STORAGE(INITIAL 65536 NEXT 1048576 MINEXTENTS 1 MAXEXTENTS 2147483645
  PCTINCREASE 0 FREELISTS 1 FREELIST GROUPS 1 BUFFER_POOL DEFAULT FLASH_CACHE DEFAULT CELL_FLASH_CACHE DEFAULT)
  TABLESPACE "EXAMPLE" ;
--------------------------------------------------------
--  DDL for Index FRANCHISE_PK
--------------------------------------------------------

  CREATE UNIQUE INDEX "SRI"."FRANCHISE_PK" ON "SRI"."FRANCHISE" ("FRANCHISE_ID") 
  PCTFREE 10 INITRANS 2 MAXTRANS 255 NOLOGGING COMPUTE STATISTICS 
  STORAGE(INITIAL 65536 NEXT 1048576 MINEXTENTS 1 MAXEXTENTS 2147483645
  PCTINCREASE 0 FREELISTS 1 FREELIST GROUPS 1 BUFFER_POOL DEFAULT FLASH_CACHE DEFAULT CELL_FLASH_CACHE DEFAULT)
  TABLESPACE "EXAMPLE" ;
--------------------------------------------------------
--  Constraints for Table PERSON
--------------------------------------------------------

  ALTER TABLE "SRI"."PERSON" ADD CONSTRAINT "PERSON_PK" PRIMARY KEY ("PERSON_ID")
  USING INDEX PCTFREE 10 INITRANS 2 MAXTRANS 255 NOLOGGING COMPUTE STATISTICS 
  STORAGE(INITIAL 65536 NEXT 1048576 MINEXTENTS 1 MAXEXTENTS 2147483645
  PCTINCREASE 0 FREELISTS 1 FREELIST GROUPS 1 BUFFER_POOL DEFAULT FLASH_CACHE DEFAULT CELL_FLASH_CACHE DEFAULT)
  TABLESPACE "EXAMPLE"  ENABLE;
 
  ALTER TABLE "SRI"."PERSON" MODIFY ("PERSON_ID" NOT NULL ENABLE);
--------------------------------------------------------
--  Constraints for Table SQUAD
--------------------------------------------------------

  ALTER TABLE "SRI"."SQUAD" ADD CONSTRAINT "SQUAD_PK" PRIMARY KEY ("SQUAD_ID")
  USING INDEX PCTFREE 10 INITRANS 2 MAXTRANS 255 NOLOGGING COMPUTE STATISTICS 
  STORAGE(INITIAL 65536 NEXT 1048576 MINEXTENTS 1 MAXEXTENTS 2147483645
  PCTINCREASE 0 FREELISTS 1 FREELIST GROUPS 1 BUFFER_POOL DEFAULT FLASH_CACHE DEFAULT CELL_FLASH_CACHE DEFAULT)
  TABLESPACE "EXAMPLE"  ENABLE;
 
  ALTER TABLE "SRI"."SQUAD" MODIFY ("SQUAD_ID" NOT NULL ENABLE);
--------------------------------------------------------
--  Constraints for Table IMAGE_LOCATION
--------------------------------------------------------

  ALTER TABLE "SRI"."IMAGE_LOCATION" ADD CONSTRAINT "IMAGE_LOCATION_PK" PRIMARY KEY ("IMAGE_ID")
  USING INDEX PCTFREE 10 INITRANS 2 MAXTRANS 255 NOLOGGING COMPUTE STATISTICS 
  STORAGE(INITIAL 65536 NEXT 1048576 MINEXTENTS 1 MAXEXTENTS 2147483645
  PCTINCREASE 0 FREELISTS 1 FREELIST GROUPS 1 BUFFER_POOL DEFAULT FLASH_CACHE DEFAULT CELL_FLASH_CACHE DEFAULT)
  TABLESPACE "EXAMPLE"  ENABLE;
 
  ALTER TABLE "SRI"."IMAGE_LOCATION" MODIFY ("IMAGE_ID" NOT NULL ENABLE);
--------------------------------------------------------
--  Constraints for Table GOALS
--------------------------------------------------------

  ALTER TABLE "SRI"."GOALS" ADD CONSTRAINT "GOALS_PK" PRIMARY KEY ("ROW_ID")
  USING INDEX PCTFREE 10 INITRANS 2 MAXTRANS 255 NOLOGGING COMPUTE STATISTICS 
  STORAGE(INITIAL 65536 NEXT 1048576 MINEXTENTS 1 MAXEXTENTS 2147483645
  PCTINCREASE 0 FREELISTS 1 FREELIST GROUPS 1 BUFFER_POOL DEFAULT FLASH_CACHE DEFAULT CELL_FLASH_CACHE DEFAULT)
  TABLESPACE "EXAMPLE"  ENABLE;
 
  ALTER TABLE "SRI"."GOALS" MODIFY ("ROW_ID" NOT NULL ENABLE);
--------------------------------------------------------
--  Constraints for Table FOOTBALL_PLAYER
--------------------------------------------------------

  ALTER TABLE "SRI"."FOOTBALL_PLAYER" ADD CONSTRAINT "FOOTBALL_PLAYER_PK" PRIMARY KEY ("FOOTBALL_PLAYER_ID")
  USING INDEX PCTFREE 10 INITRANS 2 MAXTRANS 255 NOLOGGING COMPUTE STATISTICS 
  STORAGE(INITIAL 65536 NEXT 1048576 MINEXTENTS 1 MAXEXTENTS 2147483645
  PCTINCREASE 0 FREELISTS 1 FREELIST GROUPS 1 BUFFER_POOL DEFAULT FLASH_CACHE DEFAULT CELL_FLASH_CACHE DEFAULT)
  TABLESPACE "EXAMPLE"  ENABLE;
 
  ALTER TABLE "SRI"."FOOTBALL_PLAYER" MODIFY ("FOOTBALL_PLAYER_ID" NOT NULL ENABLE);
--------------------------------------------------------
--  Constraints for Table FRANCHISE
--------------------------------------------------------

  ALTER TABLE "SRI"."FRANCHISE" ADD CONSTRAINT "FRANCHISE_PK" PRIMARY KEY ("FRANCHISE_ID")
  USING INDEX PCTFREE 10 INITRANS 2 MAXTRANS 255 NOLOGGING COMPUTE STATISTICS 
  STORAGE(INITIAL 65536 NEXT 1048576 MINEXTENTS 1 MAXEXTENTS 2147483645
  PCTINCREASE 0 FREELISTS 1 FREELIST GROUPS 1 BUFFER_POOL DEFAULT FLASH_CACHE DEFAULT CELL_FLASH_CACHE DEFAULT)
  TABLESPACE "EXAMPLE"  ENABLE;
 
  ALTER TABLE "SRI"."FRANCHISE" MODIFY ("FRANCHISE_ID" NOT NULL ENABLE);
--------------------------------------------------------
--  Constraints for Table TRANSFER_CATEGORY
--------------------------------------------------------

  ALTER TABLE "SRI"."TRANSFER_CATEGORY" MODIFY ("TRANSFER_CATEGORY_ID" NOT NULL ENABLE);
 
  ALTER TABLE "SRI"."TRANSFER_CATEGORY" ADD CONSTRAINT "TRANSFER_CATEGORY_PK" PRIMARY KEY ("TRANSFER_CATEGORY_ID")
  USING INDEX PCTFREE 10 INITRANS 2 MAXTRANS 255 NOLOGGING COMPUTE STATISTICS 
  STORAGE(INITIAL 65536 NEXT 1048576 MINEXTENTS 1 MAXEXTENTS 2147483645
  PCTINCREASE 0 FREELISTS 1 FREELIST GROUPS 1 BUFFER_POOL DEFAULT FLASH_CACHE DEFAULT CELL_FLASH_CACHE DEFAULT)
  TABLESPACE "EXAMPLE"  ENABLE;
--------------------------------------------------------
--  Constraints for Table CLUB
--------------------------------------------------------

  ALTER TABLE "SRI"."CLUB" ADD CONSTRAINT "CLUB_PK" PRIMARY KEY ("CLUB_ID")
  USING INDEX PCTFREE 10 INITRANS 2 MAXTRANS 255 NOLOGGING COMPUTE STATISTICS 
  STORAGE(INITIAL 65536 NEXT 1048576 MINEXTENTS 1 MAXEXTENTS 2147483645
  PCTINCREASE 0 FREELISTS 1 FREELIST GROUPS 1 BUFFER_POOL DEFAULT FLASH_CACHE DEFAULT CELL_FLASH_CACHE DEFAULT)
  TABLESPACE "EXAMPLE"  ENABLE;
 
  ALTER TABLE "SRI"."CLUB" MODIFY ("CLUB_ID" NOT NULL ENABLE);
--------------------------------------------------------
--  Constraints for Table TRANSFER
--------------------------------------------------------

  ALTER TABLE "SRI"."TRANSFER" MODIFY ("TRANSFER_CATEGORY_ID" NOT NULL ENABLE);
--------------------------------------------------------
--  Constraints for Table LEAGUE
--------------------------------------------------------

  ALTER TABLE "SRI"."LEAGUE" ADD CONSTRAINT "LEAGUE_PK" PRIMARY KEY ("LEAGUE_ID")
  USING INDEX PCTFREE 10 INITRANS 2 MAXTRANS 255 NOLOGGING COMPUTE STATISTICS 
  STORAGE(INITIAL 65536 NEXT 1048576 MINEXTENTS 1 MAXEXTENTS 2147483645
  PCTINCREASE 0 FREELISTS 1 FREELIST GROUPS 1 BUFFER_POOL DEFAULT FLASH_CACHE DEFAULT CELL_FLASH_CACHE DEFAULT)
  TABLESPACE "EXAMPLE"  ENABLE;
 
  ALTER TABLE "SRI"."LEAGUE" MODIFY ("LEAGUE_ID" NOT NULL ENABLE);
--------------------------------------------------------
--  Constraints for Table VIEW_ALL_RESULTS
--------------------------------------------------------

  ALTER TABLE "SRI"."VIEW_ALL_RESULTS" MODIFY ("RESULT_ID" NOT NULL ENABLE);
 
  ALTER TABLE "SRI"."VIEW_ALL_RESULTS" ADD CONSTRAINT "VIEW_ALL_RESULTS_PK" PRIMARY KEY ("RESULT_ID")
  USING INDEX PCTFREE 10 INITRANS 2 MAXTRANS 255 NOLOGGING COMPUTE STATISTICS 
  STORAGE(INITIAL 65536 NEXT 1048576 MINEXTENTS 1 MAXEXTENTS 2147483645
  PCTINCREASE 0 FREELISTS 1 FREELIST GROUPS 1 BUFFER_POOL DEFAULT FLASH_CACHE DEFAULT CELL_FLASH_CACHE DEFAULT)
  TABLESPACE "EXAMPLE"  ENABLE;
--------------------------------------------------------
--  Constraints for Table PERSON_CATEGORY
--------------------------------------------------------

  ALTER TABLE "SRI"."PERSON_CATEGORY" ADD CONSTRAINT "PERSON_CATEGORY_PK" PRIMARY KEY ("PERSON_CATEGORY_ID")
  USING INDEX PCTFREE 10 INITRANS 2 MAXTRANS 255 NOLOGGING COMPUTE STATISTICS 
  STORAGE(INITIAL 65536 NEXT 1048576 MINEXTENTS 1 MAXEXTENTS 2147483645
  PCTINCREASE 0 FREELISTS 1 FREELIST GROUPS 1 BUFFER_POOL DEFAULT FLASH_CACHE DEFAULT CELL_FLASH_CACHE DEFAULT)
  TABLESPACE "EXAMPLE"  ENABLE;
 
  ALTER TABLE "SRI"."PERSON_CATEGORY" MODIFY ("PERSON_CATEGORY_ID" NOT NULL ENABLE);
--------------------------------------------------------
--  Constraints for Table CLUB_PERSON
--------------------------------------------------------

  ALTER TABLE "SRI"."CLUB_PERSON" ADD CONSTRAINT "CLUB_PERSON_PK" PRIMARY KEY ("CLUB_PERSON_ID")
  USING INDEX PCTFREE 10 INITRANS 2 MAXTRANS 255 NOLOGGING COMPUTE STATISTICS 
  STORAGE(INITIAL 65536 NEXT 1048576 MINEXTENTS 1 MAXEXTENTS 2147483645
  PCTINCREASE 0 FREELISTS 1 FREELIST GROUPS 1 BUFFER_POOL DEFAULT FLASH_CACHE DEFAULT CELL_FLASH_CACHE DEFAULT)
  TABLESPACE "EXAMPLE"  ENABLE;
 
  ALTER TABLE "SRI"."CLUB_PERSON" MODIFY ("CLUB_PERSON_ID" NOT NULL ENABLE);
--------------------------------------------------------
--  Constraints for Table CLUB_DIRECTORY
--------------------------------------------------------

  ALTER TABLE "SRI"."CLUB_DIRECTORY" ADD CONSTRAINT "CLUB_DIRECTORY_PK" PRIMARY KEY ("CLUB_DIRECTORY_ID")
  USING INDEX PCTFREE 10 INITRANS 2 MAXTRANS 255 NOLOGGING COMPUTE STATISTICS 
  STORAGE(INITIAL 65536 NEXT 1048576 MINEXTENTS 1 MAXEXTENTS 2147483645
  PCTINCREASE 0 FREELISTS 1 FREELIST GROUPS 1 BUFFER_POOL DEFAULT FLASH_CACHE DEFAULT CELL_FLASH_CACHE DEFAULT)
  TABLESPACE "EXAMPLE"  ENABLE;
 
  ALTER TABLE "SRI"."CLUB_DIRECTORY" MODIFY ("CLUB_DIRECTORY_ID" NOT NULL ENABLE);
--------------------------------------------------------
--  Constraints for Table FIXTURES
--------------------------------------------------------

  ALTER TABLE "SRI"."FIXTURES" ADD CONSTRAINT "FIXTURES_PK" PRIMARY KEY ("FIXTURE_ID")
  USING INDEX PCTFREE 10 INITRANS 2 MAXTRANS 255 NOLOGGING COMPUTE STATISTICS 
  STORAGE(INITIAL 65536 NEXT 1048576 MINEXTENTS 1 MAXEXTENTS 2147483645
  PCTINCREASE 0 FREELISTS 1 FREELIST GROUPS 1 BUFFER_POOL DEFAULT FLASH_CACHE DEFAULT CELL_FLASH_CACHE DEFAULT)
  TABLESPACE "EXAMPLE"  ENABLE;
 
  ALTER TABLE "SRI"."FIXTURES" MODIFY ("FIXTURE_ID" NOT NULL ENABLE);
--------------------------------------------------------
--  Ref Constraints for Table ATTACKING
--------------------------------------------------------

  ALTER TABLE "SRI"."ATTACKING" ADD CONSTRAINT "ATTACKING_FK1" FOREIGN KEY ("CLUB_ID")
	  REFERENCES "SRI"."CLUB" ("CLUB_ID") ENABLE;
--------------------------------------------------------
--  Ref Constraints for Table CLUB
--------------------------------------------------------

  ALTER TABLE "SRI"."CLUB" ADD CONSTRAINT "CLUB_FK1" FOREIGN KEY ("CLUB_PERSON_ID")
	  REFERENCES "SRI"."CLUB_PERSON" ("CLUB_PERSON_ID") ENABLE;
--------------------------------------------------------
--  Ref Constraints for Table CLUB_DIRECTORY
--------------------------------------------------------

  ALTER TABLE "SRI"."CLUB_DIRECTORY" ADD CONSTRAINT "CLUB_DIRECTORY_FK1" FOREIGN KEY ("LEAGUE_ID")
	  REFERENCES "SRI"."LEAGUE" ("LEAGUE_ID") ENABLE;
--------------------------------------------------------
--  Ref Constraints for Table CLUB_PERSON
--------------------------------------------------------

  ALTER TABLE "SRI"."CLUB_PERSON" ADD CONSTRAINT "CLUB_PERSON_FK1" FOREIGN KEY ("CHAIRMAN")
	  REFERENCES "SRI"."PERSON" ("PERSON_ID") ENABLE;
 
  ALTER TABLE "SRI"."CLUB_PERSON" ADD CONSTRAINT "CLUB_PERSON_FK2" FOREIGN KEY ("SECRETARY")
	  REFERENCES "SRI"."PERSON" ("PERSON_ID") ENABLE;
 
  ALTER TABLE "SRI"."CLUB_PERSON" ADD CONSTRAINT "CLUB_PERSON_FK3" FOREIGN KEY ("MANAGER")
	  REFERENCES "SRI"."PERSON" ("PERSON_ID") ENABLE;
 
  ALTER TABLE "SRI"."CLUB_PERSON" ADD CONSTRAINT "CLUB_PERSON_FK4" FOREIGN KEY ("ASST_MANAGER")
	  REFERENCES "SRI"."PERSON" ("PERSON_ID") ENABLE;
 
  ALTER TABLE "SRI"."CLUB_PERSON" ADD CONSTRAINT "CLUB_PERSON_FK5" FOREIGN KEY ("GK_COACH")
	  REFERENCES "SRI"."PERSON" ("PERSON_ID") ENABLE;
 
  ALTER TABLE "SRI"."CLUB_PERSON" ADD CONSTRAINT "CLUB_PERSON_FK6" FOREIGN KEY ("CLUB_DOCTOR")
	  REFERENCES "SRI"."PERSON" ("PERSON_ID") ENABLE;
--------------------------------------------------------
--  Ref Constraints for Table DEFENDING
--------------------------------------------------------

  ALTER TABLE "SRI"."DEFENDING" ADD CONSTRAINT "DEFENDING_FK1" FOREIGN KEY ("CLUB_ID")
	  REFERENCES "SRI"."CLUB" ("CLUB_ID") ENABLE;
--------------------------------------------------------
--  Ref Constraints for Table DISCIPLINARY
--------------------------------------------------------

  ALTER TABLE "SRI"."DISCIPLINARY" ADD CONSTRAINT "DISCIPLINARY_FK1" FOREIGN KEY ("CLUB_ID")
	  REFERENCES "SRI"."CLUB" ("CLUB_ID") ENABLE;
--------------------------------------------------------
--  Ref Constraints for Table FOOTBALL_PLAYER
--------------------------------------------------------

  ALTER TABLE "SRI"."FOOTBALL_PLAYER" ADD CONSTRAINT "FOOTBALL_PLAYER_FK1" FOREIGN KEY ("PERSON_ID")
	  REFERENCES "SRI"."PERSON" ("PERSON_ID") ENABLE;
--------------------------------------------------------
--  Ref Constraints for Table FRANCHISE
--------------------------------------------------------

  ALTER TABLE "SRI"."FRANCHISE" ADD CONSTRAINT "FRANCHISE_FK1" FOREIGN KEY ("CLUB_ID")
	  REFERENCES "SRI"."CLUB" ("CLUB_ID") ENABLE;
--------------------------------------------------------
--  Ref Constraints for Table GOALS
--------------------------------------------------------

  ALTER TABLE "SRI"."GOALS" ADD CONSTRAINT "GOALS_FK1" FOREIGN KEY ("CLUB_ID")
	  REFERENCES "SRI"."CLUB" ("CLUB_ID") ENABLE;
--------------------------------------------------------
--  Ref Constraints for Table PERSON
--------------------------------------------------------

  ALTER TABLE "SRI"."PERSON" ADD CONSTRAINT "PERSON_FK1" FOREIGN KEY ("PERSON_CATEGORY_ID")
	  REFERENCES "SRI"."PERSON_CATEGORY" ("PERSON_CATEGORY_ID") ENABLE;
--------------------------------------------------------
--  Ref Constraints for Table PLAYER_CLUB_HISTORY
--------------------------------------------------------

  ALTER TABLE "SRI"."PLAYER_CLUB_HISTORY" ADD CONSTRAINT "PLAYER_CLUB_HISTORY_FK1" FOREIGN KEY ("CLUB_ID")
	  REFERENCES "SRI"."CLUB" ("CLUB_ID") ENABLE;
 
  ALTER TABLE "SRI"."PLAYER_CLUB_HISTORY" ADD CONSTRAINT "PLAYER_CLUB_HISTORY_FK2" FOREIGN KEY ("PERSON_ID")
	  REFERENCES "SRI"."PERSON" ("PERSON_ID") ENABLE;
--------------------------------------------------------
--  Ref Constraints for Table SQUAD
--------------------------------------------------------

  ALTER TABLE "SRI"."SQUAD" ADD CONSTRAINT "SQUAD_FK1" FOREIGN KEY ("CLUB_ID")
	  REFERENCES "SRI"."CLUB" ("CLUB_ID") ENABLE;
 
  ALTER TABLE "SRI"."SQUAD" ADD CONSTRAINT "SQUAD_FK2" FOREIGN KEY ("FOOTBALL_PLAYER_ID")
	  REFERENCES "SRI"."FOOTBALL_PLAYER" ("FOOTBALL_PLAYER_ID") ENABLE;
--------------------------------------------------------
--  Ref Constraints for Table TRANSFER
--------------------------------------------------------

  ALTER TABLE "SRI"."TRANSFER" ADD CONSTRAINT "TRANSFER_FK1" FOREIGN KEY ("FOOTBALL_PLAYER_ID")
	  REFERENCES "SRI"."FOOTBALL_PLAYER" ("FOOTBALL_PLAYER_ID") ENABLE;
 
  ALTER TABLE "SRI"."TRANSFER" ADD CONSTRAINT "TRANSFER_FK2" FOREIGN KEY ("CURRENT_TEAM")
	  REFERENCES "SRI"."CLUB" ("CLUB_ID") ENABLE;
 
  ALTER TABLE "SRI"."TRANSFER" ADD CONSTRAINT "TRANSFER_FK3" FOREIGN KEY ("NEW_TEAM")
	  REFERENCES "SRI"."CLUB" ("CLUB_ID") ENABLE;
 
  ALTER TABLE "SRI"."TRANSFER" ADD CONSTRAINT "TRANSFER_FK4" FOREIGN KEY ("TRANSFER_CATEGORY_ID")
	  REFERENCES "SRI"."TRANSFER_CATEGORY" ("TRANSFER_CATEGORY_ID") ENABLE;
--------------------------------------------------------
--  Ref Constraints for Table USER_TABLE
--------------------------------------------------------

  ALTER TABLE "SRI"."USER_TABLE" ADD CONSTRAINT "USER_TABLE_FK1" FOREIGN KEY ("FIXTURE_ID")
	  REFERENCES "SRI"."FIXTURES" ("FIXTURE_ID") ENABLE;
 
  ALTER TABLE "SRI"."USER_TABLE" ADD CONSTRAINT "USER_TABLE_FK2" FOREIGN KEY ("PERSON_ID")
	  REFERENCES "SRI"."PERSON" ("PERSON_ID") ENABLE;
--------------------------------------------------------
--  Ref Constraints for Table VIEW_ALL_RESULTS
--------------------------------------------------------

  ALTER TABLE "SRI"."VIEW_ALL_RESULTS" ADD CONSTRAINT "VIEW_ALL_RESULTS_FK2" FOREIGN KEY ("LEAGUE_ID")
	  REFERENCES "SRI"."LEAGUE" ("LEAGUE_ID") ENABLE;
 
  ALTER TABLE "SRI"."VIEW_ALL_RESULTS" ADD CONSTRAINT "VIEW_ALL_RESULTS_FK3" FOREIGN KEY ("AWAY_TEAM")
	  REFERENCES "SRI"."CLUB" ("CLUB_ID") ENABLE;
 
  ALTER TABLE "SRI"."VIEW_ALL_RESULTS" ADD CONSTRAINT "VIEW_ALL_RESULTS_FK5" FOREIGN KEY ("HOME_TEAM")
	  REFERENCES "SRI"."CLUB" ("CLUB_ID") ENABLE;
--------------------------------------------------------
--  DDL for Trigger AFTER_TRANSFER_INSERT
--------------------------------------------------------

  CREATE OR REPLACE TRIGGER "SRI"."AFTER_TRANSFER_INSERT" 
AFTER INSERT ON TRANSFER
    FOR EACH ROW 
	BEGIN
  update_squad(:new.FOOTBALL_PLAYER_ID,:new.NEW_TEAM);
	END;
/
ALTER TRIGGER "SRI"."AFTER_TRANSFER_INSERT" ENABLE;
--------------------------------------------------------
--  DDL for Trigger CLUB_TRG
--------------------------------------------------------

  CREATE OR REPLACE TRIGGER "SRI"."CLUB_TRG" 
BEFORE INSERT ON CLUB 
FOR EACH ROW 
BEGIN
  <<COLUMN_SEQUENCES>>
  BEGIN
    NULL;
  END COLUMN_SEQUENCES;
END;
/
ALTER TRIGGER "SRI"."CLUB_TRG" ENABLE;
--------------------------------------------------------
--  DDL for Trigger GOALS_TRG
--------------------------------------------------------

  CREATE OR REPLACE TRIGGER "SRI"."GOALS_TRG" 
BEFORE INSERT ON GOALS 
FOR EACH ROW 
BEGIN
  <<COLUMN_SEQUENCES>>
  BEGIN
    IF INSERTING AND :NEW.ROW_ID IS NULL THEN
      SELECT GOALS_SEQ.NEXTVAL INTO :NEW.ROW_ID FROM SYS.DUAL;
    END IF;
  END COLUMN_SEQUENCES;
END;
/
ALTER TRIGGER "SRI"."GOALS_TRG" ENABLE;
--------------------------------------------------------
--  DDL for Trigger IMAGE_LOCATION_TRG
--------------------------------------------------------

  CREATE OR REPLACE TRIGGER "SRI"."IMAGE_LOCATION_TRG" 
BEFORE INSERT ON IMAGE_LOCATION 
FOR EACH ROW 
BEGIN
  <<COLUMN_SEQUENCES>>
  BEGIN
    IF INSERTING AND :NEW.IMAGE_ID IS NULL THEN
      SELECT IMAGE_LOCATION_SEQ.NEXTVAL INTO :NEW.IMAGE_ID FROM SYS.DUAL;
    END IF;
  END COLUMN_SEQUENCES;
END;
/
ALTER TRIGGER "SRI"."IMAGE_LOCATION_TRG" ENABLE;
--------------------------------------------------------
--  DDL for Trigger PERSON_TRG
--------------------------------------------------------

  CREATE OR REPLACE TRIGGER "SRI"."PERSON_TRG" 
BEFORE INSERT ON PERSON 
FOR EACH ROW 
BEGIN
  <<COLUMN_SEQUENCES>>
  BEGIN
    NULL;
  END COLUMN_SEQUENCES;
END;
/
ALTER TRIGGER "SRI"."PERSON_TRG" ENABLE;
--------------------------------------------------------
--  DDL for Trigger PERSON_TRG1
--------------------------------------------------------

  CREATE OR REPLACE TRIGGER "SRI"."PERSON_TRG1" 
BEFORE INSERT ON PERSON 
FOR EACH ROW 
BEGIN
  <<COLUMN_SEQUENCES>>
  BEGIN
    IF INSERTING AND :NEW.PERSON_ID IS NULL THEN
      SELECT PERSON_SEQ1.NEXTVAL INTO :NEW.PERSON_ID FROM SYS.DUAL;
    END IF;
  END COLUMN_SEQUENCES;
END;
/
ALTER TRIGGER "SRI"."PERSON_TRG1" ENABLE;
--------------------------------------------------------
--  DDL for Procedure IMAGE_INSERTION
--------------------------------------------------------
set define off;

  CREATE OR REPLACE PROCEDURE "SRI"."IMAGE_INSERTION" 
(
  FILE_NAME IN VARCHAR2 
) AS

img_size number;
img_file_ptr bfile;
img_blob blob;

BEGIN
  img_file_ptr := bfilename('IMAGE_DIR',FILE_NAME);
  dbms_lob.fileopen(img_file_ptr);
  img_size := dbms_lob.getlength(img_file_ptr);
  
  INSERT INTO IMAGE_LOCATION Values (null,empty_blob()) returning IMAGE_LOC into img_blob;
  dbms_lob.loadfromfile(img_blob,img_file_ptr,img_size);
  commit;
  dbms_lob.close(img_file_ptr);  
END IMAGE_INSERTION;

/
--------------------------------------------------------
--  DDL for Procedure UPDATE_SQUAD
--------------------------------------------------------
set define off;

  CREATE OR REPLACE PROCEDURE "SRI"."UPDATE_SQUAD" (v_p_id IN TRANSFER.FOOTBALL_PLAYER_ID%TYPE,v_c_id IN TRANSFER.NEW_TEAM%TYPE) IS

  CURSOR CUR_PID_IN IS
	SELECT  sqd.club_id 
	FROM SQUAD sqd
	WHERE sqd.football_player_id = v_p_id;
	v_clubid VARCHAR2(10);
  
  CURSOR CUR_PERSONID_IN IS
	SELECT  fp.PERSON_ID 
	FROM FOOTBALL_PLAYER fp
	WHERE FP.football_player_id = v_p_id;
	v_perid NUMBER;
  BEGIN

	OPEN CUR_PID_IN;
      
      FETCH CUR_PID_IN INTO v_clubid;
        
			 UPDATE SQUAD sqd
			 SET sqd.CLUB_ID = v_c_id
			 WHERE sqd.football_player_id = v_p_id;

	 CLOSE CUR_PID_IN;
   OPEN CUR_PERSONID_IN;
     FETCH CUR_PERSONID_IN INTO v_perid;
        INSERT INTO PLAYER_CLUB_HISTORY VALUES (v_c_id,v_perid,0,0,0,0,0,0);
    CLOSE CUR_PERSONID_IN;
END;

/
